rank,address,status,score,trades30d,pnl30d,winRate,consistency,maxDrawdown,daysSinceLastTrade,firstSeenGeneration,reason
1,0x204f72f35326db932158cba6adff0b9a1da95e14,watch,0.7300,500,0.2700,0.6400,0.3200,0.1500,1,0,"global score 0.73 above threshold 0.5, copyable"
2,0x09b428f7c2b469786286214aa5c90dd9015f7320,watch,0.7400,500,1.0401,1.0000,0.5000,0.1500,1,0,"global score 0.74 above threshold 0.5, copyable"
3,0x476e1322d1a412fa0325527b8c3bc5e707b1396d,watch,0.7400,500,0.9965,1.0000,0.5000,0.1500,1,0,"global score 0.74 above threshold 0.5, copyable"
4,0x2e25b222e2080c377fc1fb2b9f926315f0f4d49e,watch,0.8200,500,0.7094,1.0000,0.5000,0.1500,1,0,"global score 0.82 above threshold 0.5, copyable"
5,0xe549581668a5751c1972d3ad2d1991d900bd2d54,watch,0.6100,500,0.1629,0.6300,0.3100,0.1500,1,0,"global score 0.61 above threshold 0.5, copyable"
6,0x83720820a8aa6c3f20ad71850e7a1a17d16c5223,watch,0.3100,500,-1.0000,0.0000,0.0000,0.1500,1,0,"weak score 0.31; spreads usually wide"
7,0x5b4ec9c06b284ee52c41a761974d836992880232,watch,0.7800,500,0.6930,1.0000,0.5000,0.1500,1,0,"global score 0.78 above threshold 0.5, copyable"
8,0x67542c3219b37fd1610aad290676ff91cdbfe3bc,watch,0.7100,500,0.3511,1.0000,0.5000,0.1500,1,0,"global score 0.71 above threshold 0.5, copyable"
9,0xf0318c32136c2db7fec88b84869aee6a1106c80c,watch,0.3700,500,-0.4875,0.1100,0.0600,0.1500,1,0,"borderline score 0.37; no copyability concerns detected"
10,0x2c335066fe58fe9237c3d3dc7b275c2a034a0563,watch,0.5300,500,-0.0289,0.6400,0.3200,0.1500,1,0,"global score 0.53 above threshold 0.5, copyable"
11,0xfea31bc088000ff909be1dfd8d0e3f2c7ef2d227,watch,0.5500,470,0.0278,0.9400,0.4700,0.1500,1,0,"global score 0.55 above threshold 0.5, copyable"
12,0x095fbca2e0eaf0c9841005135427e1e0117190b2,watch,0.3200,500,-0.9336,0.0200,0.0100,0.1500,1,0,"weak score 0.32; spreads usually wide"
13,0x7c1ee865a785de4c00ee90ed86a38489fb8bbab3,watch,0.3300,500,-1.0000,0.0000,0.0000,0.1500,1,0,"weak score 0.33; spreads usually wide"
14,0xd1c537b2a7cba8d365e111bffb9de7b205e2cbd0,watch,0.7400,500,1.3087,1.0000,0.5000,0.1500,1,0,"global score 0.74 above threshold 0.5, copyable"
15,0x076daa87c4fe1a85402a9b6b8e0a866224388d4c,watch,0.5100,167,0.0196,0.3100,0.1500,0.1500,1,0,"global score 0.51 above threshold 0.5, copyable"
16,0xf5fabdcdc6eb6d9765a228824f16cca9c91f62df,watch,0.6200,500,0.1114,0.7100,0.3600,0.1500,1,0,"global score 0.62 above threshold 0.5, copyable"
17,0xc31d0a0d63d760d72a1236d16beaa6a71c854ebe,watch,0.7300,500,1.2553,0.9300,0.4700,0.1500,1,0,"global score 0.73 above threshold 0.5, copyable"
18,0xb61b2079b95f6b7476fd3203e0274ffb93308a06,watch,0.4100,500,-0.1231,0.2400,0.1200,0.1500,1,0,"borderline score 0.41; spreads usually wide"
19,0x65018f9fc473f6e920b8929a375d39c26a461220,watch,0.7400,189,0.3997,0.8300,0.4200,0.1500,1,0,"global score 0.74 above threshold 0.5, copyable"
20,0xe3f1fb88b9eabc743e2a2d947e2efdba5e99bd92,watch,0.6600,500,0.0992,1.0000,0.5000,0.1500,1,0,"global score 0.66 above threshold 0.5, copyable"
21,0xbb5fbe810633ab08d106b82db84418a0e2ca2e21,watch,0.7900,500,0.9333,0.9800,0.4900,0.1500,1,0,"global score 0.79 above threshold 0.5, copyable"
22,0x3f6e93d1e2c2846a357276e29e7e9147e29c18d9,watch,0.3100,500,-1.0000,0.0000,0.0000,0.1500,1,0,"weak score 0.31; spreads usually wide"
23,0x3a6a2e7a7707c720219228eb8efa7398bc0e458e,watch,0.7100,500,0.9180,0.4500,0.2200,0.1500,1,0,"global score 0.71 above threshold 0.5, copyable"
24,0xc41d736bded9ed1accd6a44235039266219774fd,watch,0.7900,500,0.7720,1.0000,0.5000,0.1500,1,0,"global score 0.79 above threshold 0.5, copyable"
25,0x2005d16a84ceefa912d4e380cd32e7ff827875ea,watch,0.6400,214,0.1714,0.4600,0.2300,0.1500,1,0,"global score 0.64 above threshold 0.5, copyable"
26,0x714a685b5454ea4d52979563bbafa77b8168ab2f,watch,0.7000,500,0.1302,0.7700,0.3800,0.1500,1,0,"global score 0.7 above threshold 0.5, copyable"
27,0x9468bb7e53c8a5f13cc283f2aed950ebf9865d4b,watch,0.3800,500,-1.0000,0.0000,0.0000,0.1500,1,0,"borderline score 0.38; no copyability concerns detected"
28,0x8042d175fa3c31fc48b22accbad216564d8f3680,watch,0.7200,459,0.3968,0.7500,0.3700,0.1500,1,0,"global score 0.72 above threshold 0.5, copyable"
29,0x3dfb153c197d4c19d3b31c1ecd2c7b6860eeabaf,watch,0.8600,97,0.9975,1.0000,0.5000,0.1500,1,0,"global score 0.86 above threshold 0.5, copyable"
30,0xc6a63ad5a788a576d4acc9911c50fef9fde49458,watch,0.7400,465,1.2886,1.0000,0.5000,0.1500,1,0,"global score 0.74 above threshold 0.5, copyable"
31,0x86d2d490bcac9fccea02a44c48272008e0c4731d,watch,0.7200,500,0.3705,1.0000,0.5000,0.1500,1,0,"global score 0.72 above threshold 0.5, copyable"
32,0x75973c667cec880353450be3a6f17c5da67b4421,watch,0.7200,139,2.0425,0.9100,0.4500,0.1500,1,0,"global score 0.72 above threshold 0.5, copyable"
33,0x50f0a0fc7364d3c10fc4578b9b1d955368335355,watch,0.7400,500,1.1357,1.0000,0.5000,0.1500,1,0,"global score 0.74 above threshold 0.5, copyable"
34,0x7583d5f8a1031ff4afcdc6db4e2143bfd41b4df2,watch,0.7400,500,0.6497,1.0000,0.5000,0.1500,1,0,"global score 0.74 above threshold 0.5, copyable"
35,0x6d20c35f65d9899b6d6b74f8466e824580f9a165,watch,0.6700,469,0.2847,0.6400,0.3200,0.1500,1,0,"global score 0.67 above threshold 0.5, copyable"
36,0x954df97e03c202e7511de1b7d3c01ebd0f876f01,watch,0.7200,500,0.6415,0.4500,0.2300,0.1500,1,0,"global score 0.72 above threshold 0.5, copyable"
37,0x9ee8bbc36d378af72e5f6b8e2ea2eb67c05a89de,watch,0.7500,500,0.9148,1.0000,0.5000,0.1500,1,0,"global score 0.75 above threshold 0.5, copyable"
38,0x93fb8127a1b21a112b11af936361225df0563e4a,watch,0.5400,500,-0.0198,0.0400,0.0200,0.1500,1,0,"global score 0.54 above threshold 0.5, copyable"
39,0x05a0bf3fa5775a5e38d4ed6688cce88130460df2,watch,0.4000,36,0.2661,1.0000,0.5000,0.1500,1,0,"borderline score 0.4; profit concentrated in one trade"
39,0x5e9458202b5817a72cf81105ec8a30e6f3705ba1,watch,0.3500,500,-0.7836,0.1400,0.0700,0.1500,1,0,"borderline score 0.35; spreads usually wide"
40,0x9180d46bd2a46c7955ec9df091698ac76a0ff0da,watch,0.2300,5,3.1730,0.4000,0.2000,0.1500,1,0,"weak score 0.23; spreads usually wide; profit concentrated in one trade"
41,0xdbf16bcffa41bd95faec2640daa2c95ab2bd86b5,watch,0.8000,54,2.6110,0.9600,0.4800,0.1500,1,0,"global score 0.8 above threshold 0.5, copyable"
42,0x547f2917d51f2e63ab382dcf641d4e0240162937,watch,0.5300,500,0.0849,0.3400,0.1700,0.1500,1,0,"global score 0.53 above threshold 0.5, copyable"
42,0x69c5c6f6a4dda665991c203bc8d5df3e006b1e01,watch,0.7900,178,0.4327,0.8100,0.4000,0.1500,1,0,"global score 0.79 above threshold 0.5, copyable"
42,0xfe787d2da716d60e8acff57fb87eb13cd4d10319,watch,0.7600,500,0.3643,0.5600,0.2800,0.1500,1,0,"global score 0.76 above threshold 0.5, copyable"
43,0x3fd9a838ded6eb832baab3ccbcb5e934e3871ef0,watch,0.7300,19,1.1463,1.0000,0.5000,0.1500,1,0,"global score 0.73 above threshold 0.5, copyable"
44,0xe221be3b45dfe5ed562ee9dc16f47205728e06f6,watch,0.7100,500,0.5569,0.4500,0.2300,0.1500,1,0,"global score 0.71 above threshold 0.5, copyable"
45,0x3a8aa345d5db7ec5138298c8c4f4540259be7699,watch,0.8300,500,0.3396,0.9500,0.4800,0.1500,1,0,"global score 0.83 above threshold 0.5, copyable"
45,0x4d4f13a12d943faabc0d154fb2d546f649a9e5f3,watch,0.7200,500,0.3336,0.7500,0.3800,0.1500,1,0,"global score 0.72 above threshold 0.5, copyable"
46,0x5966db1fe50763c9e3c014d756369bad07e1f804,watch,0.8200,390,0.3936,0.9800,0.4900,0.1500,1,0,"global score 0.82 above threshold 0.5, copyable"
47,0x5268527977f700f9bf9b6d5cd843859e4e70135d,watch,0.7000,500,0.2514,0.5900,0.2900,0.1500,1,0,"global score 0.7 above threshold 0.5, copyable"
47,0x89b43cb12b5073b99c5c23d401f788167fceee59,watch,0.2300,2,0.2603,1.0000,0.5000,0.1500,1,0,"weak score 0.23; profit concentrated in one trade; few resolved trades"
48,0xe16d3f2a5807999b358affd9445c3a09e45e5e30,watch,0.5300,500,0.0052,0.6300,0.3100,0.1500,1,0,"global score 0.53 above threshold 0.5, copyable"
49,0x4f29e103339919c4baaea2a60195cf1c8bb27a7e,watch,0.4900,281,-0.1106,0.5900,0.3000,0.1500,1,0,"borderline score 0.49; spreads usually wide"
49,0x56acab44cfca2e88bb9b3406890aea7bfa0cd77e,watch,0.7500,476,0.4671,0.6900,0.3400,0.1500,1,0,"global score 0.75 above threshold 0.5, copyable"
50,0x4cb5a6cf70340f068148a740f9ec96cbea75ef29,watch,0.6000,500,0.1333,0.7200,0.3600,0.1500,1,0,"global score 0.6 above threshold 0.5, copyable"
50,0xc8ec6d4cef5c5fe8409ef69303c37f05b678e8f1,watch,0.5900,104,0.1820,0.3800,0.1900,0.1500,1,0,"global score 0.59 above threshold 0.5, copyable"
50,0xcf6c5492124794394dd9eac46498a8babbe47e66,watch,0.6400,433,0.0952,0.7500,0.3700,0.1500,1,0,"global score 0.64 above threshold 0.5, copyable"
51,0xf088d3e04b955be470a221a3e7830d2282f9e6c4,watch,0.8100,66,3.6670,0.9500,0.4800,0.1500,1,0,"global score 0.81 above threshold 0.5, copyable"
52,0x3af1ed6ea380092db15c20ffa1b35652b0cad739,watch,0.4400,293,-0.3202,0.4100,0.2000,0.1500,1,0,"borderline score 0.44; no copyability concerns detected"
52,0xa80e584e189865e8289403bd96ed52d67e816aa1,watch,0.7900,500,1.0599,0.9500,0.4800,0.1500,1,0,"global score 0.79 above threshold 0.5, copyable"
53,0x2a69660046d7acc4ab204d7cc5ba78b0776cd2f7,watch,0.7100,328,0.8990,0.4600,0.2300,0.1500,1,0,"global score 0.71 above threshold 0.5, copyable"
53,0x74471a007ddcc488f6d57b5e86dfb35a8d48a16d,watch,0.7800,88,0.7205,0.5100,0.2600,0.1500,1,0,"global score 0.78 above threshold 0.5, copyable"
54,0xc3ed109b65de5026da25cf80ce91779dfc2c9f79,watch,0.6600,185,0.2093,0.8200,0.4100,0.1500,1,0,"global score 0.66 above threshold 0.5, copyable"
54,0xc65ca4755436f82d8eb461e65781584b8cadea39,watch,0.5200,500,0.0145,0.4700,0.2400,0.1500,1,0,"global score 0.52 above threshold 0.5, copyable"
54,0xd23f8c8aab13cfb2a35da40b67f8471faf9894a1,watch,0.5800,500,0.0028,0.2600,0.2400,0.1500,1,0,"global score 0.58 above threshold 0.5, copyable"
55,0x5257aa84944804bbb0c718814ebebeeafaca3e2a,watch,0.8200,500,0.5270,0.9700,0.4800,0.1500,1,0,"global score 0.82 above threshold 0.5, copyable"
56,0x87c67f878e93494918c1a2198fee747b4a1589b7,watch,0.6700,18,0.4263,0.3900,0.1900,0.1500,1,0,"global score 0.67 above threshold 0.5, copyable"
57,0xf7429705e25b619338412967f0a70260b6e1e039,watch,0.4000,484,-0.4718,0.6400,0.3200,0.1500,1,0,"borderline score 0.4; spreads usually wide"
58,0x03805a13a0b3e058f55f6c6af95389d4f431073d,watch,0.5800,500,-0.0018,0.3000,0.2700,0.1500,1,0,"global score 0.58 above threshold 0.5, copyable"
58,0x30c7ac0158499ddc6761047f7f69bcf7d036ac3b,watch,0.7400,202,0.3903,0.5200,0.2600,0.1500,1,0,"global score 0.74 above threshold 0.5, copyable"
58,0xa71093cafc0c099b4ccab24c3cb8018d817923c4,watch,0.3800,500,-0.3269,0.2700,0.1400,0.1500,1,0,"borderline score 0.38; spreads usually wide"
59,0x162ca4c5249987872fea1e15c846d7fe80316c47,watch,0.7200,483,0.3969,0.6700,0.3300,0.1500,1,0,"global score 0.72 above threshold 0.5, copyable"
60,0xd776f0a066fd3014ecfac89cfd414440982bffeb,watch,0.7800,500,0.4931,0.9900,0.4900,0.1500,1,0,"global score 0.78 above threshold 0.5, copyable"
61,0x659b7429200709bc5672609ca3ec00e6dcfdffbd,watch,0.6400,17,0.3736,0.8800,0.4400,0.1500,1,0,"global score 0.64 above threshold 0.5, copyable"
62,0x10ff6cd4b1b5669d4ca87faebae0c869ad315088,watch,0.7200,484,0.2427,0.8400,0.4200,0.1500,1,0,"global score 0.72 above threshold 0.5, copyable"
63,0xa6cd8300ff70129ced69975180609e40a12b2f2c,watch,0.4500,500,-0.1435,0.2700,0.1300,0.1500,1,0,"borderline score 0.45; no copyability concerns detected"
64,0x7b02b2bac2a30ed5e40b7094e734f4c3dc2a4991,watch,0.7000,500,0.1388,0.7500,0.3700,0.1500,1,0,"global score 0.7 above threshold 0.5, copyable"
64,0xb687f00464e33934f5d591f224e71c3559ecaee5,watch,0.5900,500,-0.0100,0.3600,0.1800,0.1500,1,0,"global score 0.59 above threshold 0.5, copyable"
65,0xc29198ad764bd6adaf7bb971a3757a689ece5d74,watch,0.5500,370,0.0790,0.4900,0.2500,0.1500,1,0,"global score 0.55 above threshold 0.5, copyable"
66,0x6c3dd5b6b3c500ce7c217d7dbe6be52c278ad5e4,watch,0.5800,7,2.8220,0.7100,0.3600,0.1500,1,0,"global score 0.58 above threshold 0.5, copyable"
67,0xa2cd4ccda9a1f95949df7a3355c4c2daa0642ba0,watch,0.6200,298,0.1256,1.0000,0.5000,0.1500,1,0,"global score 0.62 above threshold 0.5, copyable"
68,0x228b8d11eba89bf1c554f8879a9293b7106daf4c,watch,0.5500,500,0.0438,0.5700,0.2900,0.1500,1,0,"global score 0.55 above threshold 0.5, copyable"
69,0x73c5701afdefba2814193168448b2992306b2f80,watch,0.6200,485,0.0409,0.7800,0.3900,0.1500,1,0,"global score 0.62 above threshold 0.5, copyable"
70,0x0cbee43106c8949af8d04162425e482dade51f4e,watch,0.7500,500,0.4445,0.8200,0.4100,0.1500,1,0,"global score 0.75 above threshold 0.5, copyable"
71,0x882f2a4c805d12717cc5cf97018413d296aba8c0,watch,0.3100,500,-1.0000,0.0000,0.0000,0.1500,1,0,"weak score 0.31; spreads usually wide"
71,0x9c82c60829df081d593055ee5fa288870c051f13,watch,0.7200,474,0.5775,0.5900,0.2900,0.1500,1,0,"global score 0.72 above threshold 0.5, copyable"
72,0x0af037c59ede5b3b2a6625f23923057d8296d425,watch,0.8200,488,0.4661,1.0000,0.5000,0.1500,1,0,"global score 0.82 above threshold 0.5, copyable"
73,0xefddbb135e2cc2648e3ca6a6b3d4fa4994d5017f,watch,0.7100,500,1.1174,0.5900,0.3000,0.1500,1,0,"global score 0.71 above threshold 0.5, copyable"
74,0x160db9bb5bf012f21251a74737093bcdc36f5295,watch,0.5600,498,0.0616,0.8300,0.4200,0.1500,1,0,"global score 0.56 above threshold 0.5, copyable"
74,0xa804390f80019699ab34a282c0df7528fba82a75,watch,0.4700,479,-0.0636,0.4300,0.2200,0.1500,1,0,"borderline score 0.47; spreads usually wide"
75,0x1686b3e512052ba1ff70f8b48bbe0547be52c3f9,watch,0.1900,0,0.0000,0.0000,0.0000,0.1500,1,0,"weak score 0.19; trades often illiquid; few resolved trades"
76,0xa6d188fb70c2e2e9ad411c42c02379ed3020286a,watch,0.3900,500,-0.4511,0.5300,0.2600,0.1500,1,0,"borderline score 0.39; spreads usually wide"
77,0x8ca54889af2f5f87be45a516923428249853fd56,watch,0.5000,485,0.1205,0.0300,0.0200,0.1500,1,0,"global score 0.5 above threshold 0.5, copyable"
78,0xd1ed12197b7dc22dede923727e9b714024dbd7cb,watch,0.5700,367,0.0017,0.5300,0.4900,0.1500,1,0,"global score 0.57 above threshold 0.5, copyable"
79,0x9a82f9b7b743b6a765309efc149642156dedf024,watch,0.7100,39,0.4978,1.0000,0.5000,0.1500,1,0,"borderline score 0.71; trades often illiquid"
79,0xde7be6d489bce070a959e0cb813128ae659b5f4b,watch,0.8200,500,0.5026,0.6200,0.3100,0.1500,1,0,"global score 0.82 above threshold 0.5, copyable"
80,0x29b15e8557b2cb5b5ba1ec8b5cbba479ee26f737,watch,0.6100,26,0.3917,0.5800,0.2900,0.1500,1,0,"borderline score 0.61; spreads usually wide; trades often illiquid"
81,0x8b3234f9027f4e994e949df4b48b90ab79015950,watch,0.7900,500,1.3331,0.9700,0.4800,0.1500,1,0,"global score 0.79 above threshold 0.5, copyable"
82,0xe548376f231af12b4d56aff55a7503a88892a9fe,watch,0.5400,500,0.2571,0.5700,0.2900,0.1500,1,0,"borderline score 0.54; spreads usually wide; trades often illiquid"
83,0xf0ed9e68e6cd3ee712260abeaec32de56a7d47d8,watch,0.2900,114,-0.3176,0.1800,0.0900,0.1500,1,0,"weak score 0.29; trades often illiquid"
84,0x7d2f82da7ae8c910bd1e89475be705d313daef1a,watch,0.6100,500,0.8922,0.7300,0.3600,0.1500,1,0,"borderline score 0.61; spreads usually wide; trades often illiquid"
85,0xdbdd45150249e229eb4ca8aa48a30dca21faa5de,watch,0.4800,458,0.1206,0.5100,0.2600,0.1500,1,0,"borderline score 0.48; spreads usually wide; trades often illiquid"
86,0x67ac9e1ad7d7e74ef0215d14fc8edb538e4fedf1,watch,0.5000,470,0.1486,0.7500,0.3800,0.1500,1,0,"borderline score 0.5; spreads usually wide; trades often illiquid"
87,0xe5241830e8876c115d7dc8311ad9f43d85fdd34f,watch,0.5900,500,0.1851,0.5200,0.2600,0.1500,1,0,"global score 0.59 above threshold 0.5, copyable"
88,0x9db82de5a71ae539bc82f4d9ac3a007c7d742eff,watch,0.5100,496,0.0135,0.6200,0.3100,0.1500,1,0,"global score 0.51 above threshold 0.5, copyable"
88,0x9ee49c02ae1ade698bf9e06d4ca271f236b8697b,watch,0.7000,45,0.4506,1.0000,0.5000,0.1500,1,0,"borderline score 0.7; trades often illiquid"
89,0x6d3c5bd13984b2de47c3a88ddc455309aab3d294,watch,0.4000,21,-0.0814,0.1900,0.1000,0.1500,1,0,"borderline score 0.4; trades often illiquid"
90,0x7f8e1877a0907f2b2c7cabf8bdb2e2a8f3854487,watch,0.6700,438,0.4273,1.0000,0.5000,0.1500,1,0,"global score 0.67 above threshold 0.5, copyable"
91,0xd9e0aaca471f489be338fd0f91a26e8669a805f2,watch,0.5400,428,0.0188,0.5100,0.2500,0.1500,1,0,"global score 0.54 above threshold 0.5, copyable"
91,0xf1528f12e645462c344799b62b1b421a6a4c64aa,watch,0.5400,496,-0.0756,0.6100,0.3000,0.1500,1,0,"global score 0.54 above threshold 0.5, copyable"
92,0x44c58184f89a5c2f699dc8943009cb3d75a08d45,watch,0.4900,500,-0.0686,0.4700,0.2300,0.1500,1,0,"borderline score 0.49; no copyability concerns detected"
92,0x6f0ebea3c2e777699519ee128faaa07a9d0b2ee5,watch,0.7400,488,0.4189,1.0000,0.5000,0.1500,1,0,"global score 0.74 above threshold 0.5, copyable"
93,0xf5592765133941c40c77e52bc56bbe7ec167f462,watch,0.5700,149,0.3431,0.5200,0.2600,0.1500,1,0,"borderline score 0.57; spreads usually wide; trades often illiquid"
94,0x1a2f67124f12eaa88be0f6683a95abede555647a,watch,0.5500,500,0.0431,0.5100,0.2500,0.1500,1,0,"global score 0.55 above threshold 0.5, copyable"
95,0x04d5524a0a5af2eca6e39e03defc261d42fe66d8,watch,0.4400,500,-0.1137,0.4100,0.2100,0.1500,1,0,"borderline score 0.44; spreads usually wide"
95,0xf5f92940519a72da460b1c2a606bc1230f0e87b0,watch,0.7800,500,1.0010,0.7700,0.3900,0.1500,1,0,"global score 0.78 above threshold 0.5, copyable"
96,0x336bf6f91a4619d54f0711a20fe468adf4d71233,watch,0.6200,495,0.2326,0.3900,0.1900,0.1500,1,0,"global score 0.62 above threshold 0.5, copyable"
96,0x5d7639ed5fd3c5ebf0fc69d548e1046acd0f9168,watch,0.6400,454,0.2728,0.6500,0.3200,0.1500,1,0,"global score 0.64 above threshold 0.5, copyable"
97,0x0a854897a06d4999e5b2dde5693609f1428ffe9d,watch,0.1900,0,0.0000,0.0000,0.0000,0.1500,1,0,"weak score 0.19; trades often illiquid; few resolved trades"
97,0x79a182d33ea2bffbe483e63c8331a63d9accd245,watch,0.7400,500,0.5926,1.0000,0.5000,0.1500,1,0,"global score 0.74 above threshold 0.5, copyable"
97,0xac4773707daddd3792efed5a91f5ec7651a7d234,watch,0.4300,413,-0.0958,0.1900,0.0900,0.1500,1,0,"borderline score 0.43; no copyability concerns detected"
98,0x084425dedaa0a4d92164adb33b294005518df46a,watch,0.5400,456,0.0266,0.5600,0.2800,0.1500,1,0,"global score 0.54 above threshold 0.5, copyable"
98,0x8a8685a792c184e5c2ee8c7d4d4baba7c2c94998,watch,0.7000,55,1.0073,0.3800,0.1900,0.1500,1,0,"global score 0.7 above threshold 0.5, copyable"
99,0x01e6e3c5cfe50943e7721398054cb1e22032e7e0,watch,0.7100,500,0.3521,0.8300,0.4200,0.1500,1,0,"global score 0.71 above threshold 0.5, copyable"
99,0x25d3d4e435ac54775b873708c25705321c31efe2,watch,0.6300,318,0.1875,0.9900,0.4900,0.1500,1,0,"global score 0.63 above threshold 0.5, copyable"
100,0x2ce8505aa641791eb8460f6ac6bf5c0511e34527,watch,0.7400,476,0.5776,0.9100,0.4500,0.1500,1,0,"global score 0.74 above threshold 0.5, copyable"
100,0x31864feb9d25dee93728c6225ba891530967e9ca,watch,0.6400,500,0.1636,0.6000,0.3000,0.1500,1,0,"global score 0.64 above threshold 0.5, copyable"
100,0x384b622131b8897c3e431d5003c82cf7d8f07d78,watch,0.6800,500,0.4845,0.4600,0.2300,0.1500,1,0,"global score 0.68 above threshold 0.5, copyable"
100,0xb55fa1296e6ec55d0ce53d93b9237389f11764d4,watch,0.4100,500,-0.3451,0.4100,0.2100,0.1500,1,0,"borderline score 0.41; no copyability concerns detected"
101,0x23d81ba9371e576015c1e562db09c689f56b0288,watch,0.3200,244,-1.0000,0.0000,0.0000,0.1500,1,0,"weak score 0.32; spreads usually wide"
102,0x0b06425127061c97e00f7bb75546c8d4b95e7cdf,watch,0.6300,32,0.1184,0.9400,0.4700,0.1500,1,0,"global score 0.63 above threshold 0.5, copyable"
103,0xe3611dada6c5ea53af7bf22e80e07c005f48ae44,watch,0.4900,486,-0.1111,0.5600,0.2800,0.1500,1,0,"borderline score 0.49; no copyability concerns detected"
104,0x8c80d213c0cbad777d06ee3f58f6ca4bc03102c3,watch,0.1900,0,0.0000,0.0000,0.0000,0.1500,1,0,"weak score 0.19; trades often illiquid; few resolved trades"
104,0xf387570fc0f9d8fa1f07ce798fc98ff909a361c0,watch,0.6100,500,0.1647,0.8100,0.4000,0.1500,1,0,"global score 0.61 above threshold 0.5, copyable"
105,0x9bb0970be0394bb6e6d1edba042a6e4126ac8567,watch,0.3100,200,-1.0000,0.0000,0.0000,0.1500,1,0,"weak score 0.31; spreads usually wide"
106,0x58f8f1138be2192696378629fc9aa23c7910dc70,watch,0.5700,492,0.0139,0.8000,0.4000,0.1500,1,0,"global score 0.57 above threshold 0.5, copyable"
106,0xa4b7b1814b0da33f2b61be4939976898aa476008,watch,0.7300,445,0.3270,0.5100,0.2500,0.1500,1,0,"global score 0.73 above threshold 0.5, copyable"
107,0x32ed2e546b187ca15e2841edc82b22c713cf8ec3,watch,0.4800,384,-0.0314,0.2900,0.1400,0.1500,1,0,"borderline score 0.48; no copyability concerns detected"
108,0xa697d0b3fff7d285a0f92d6ee03a7f97809e59d5,watch,0.5500,442,-0.0019,0.5300,0.2600,0.1500,1,0,"global score 0.55 above threshold 0.5, copyable"
109,0xca97f5464912ba0308bd40c095bea215980849f6,watch,0.7200,495,0.5894,0.4400,0.2200,0.1500,1,0,"global score 0.72 above threshold 0.5, copyable"
110,0xe734e7bf7cfb9e464681f71822f6c2f6be514f0c,watch,0.7500,27,0.1465,1.0000,0.5000,0.1500,1,0,"global score 0.75 above threshold 0.5, copyable"
111,0x1057e7d3ddafc60a4aeb10a2bc5b543792449ea5,watch,0.8200,365,0.5259,1.0000,0.5000,0.1500,1,0,"global score 0.82 above threshold 0.5, copyable"
112,0xce25e214d5cfe4f459cf67f08df581885aae7fdc,watch,0.5200,420,0.0017,0.4800,0.2400,0.1500,1,0,"global score 0.52 above threshold 0.5, copyable"
112,0xf0b6a8ebfa3a626337cc45e8eed30eaafb182fef,watch,0.6400,310,0.1544,0.8100,0.4000,0.1500,1,0,"global score 0.64 above threshold 0.5, copyable"
113,0xad99bffce03cc56ac1b697ac15a173700e54dbab,watch,0.6000,500,0.0961,0.4700,0.4100,0.1500,1,0,"global score 0.6 above threshold 0.5, copyable"
114,0x2ec5ac52dcb5537f1fe8b47ee3cfd34bd666fd53,watch,0.5500,500,0.0307,0.7500,0.3700,0.1500,1,0,"global score 0.55 above threshold 0.5, copyable"
115,0x8806a6f1a847ba4360599ce0f54ce96167712e83,watch,0.7200,500,0.5570,0.4500,0.2300,0.1500,1,0,"global score 0.72 above threshold 0.5, copyable"
116,0x9cb990f1862568a63d8601efeebe0304225c32f2,watch,0.4300,491,-0.3213,0.3300,0.1600,0.1500,1,0,"borderline score 0.43; no copyability concerns detected"
117,0x9f15613ebf1f36d4bc679e1211d1fc567cf9bdb3,watch,0.5900,452,0.0671,0.5700,0.2900,0.1500,1,0,"global score 0.59 above threshold 0.5, copyable"
118,0x662244931c392df70bd064fa91f838eea0bfd7a9,watch,0.6600,150,1.2240,0.2100,0.1100,0.1500,1,0,"global score 0.66 above threshold 0.5, copyable"
119,0xc660ae71765d0d9eaf5fa8328c1c959841d2bd28,watch,0.5600,500,0.0507,0.6700,0.3300,0.1500,1,0,"global score 0.56 above threshold 0.5, copyable"
120,0x927cf2bb94d15707993f954552e56c74eb6d6633,watch,0.5000,500,-0.0315,0.6000,0.3000,0.1500,1,0,"global score 0.5 above threshold 0.5, copyable"
121,0xccd81fbd3395dc43a0531f8484b21c2462daf4de,watch,0.5900,16,0.1064,0.5000,0.2500,0.1500,1,0,"global score 0.59 above threshold 0.5, copyable"
122,0x38337de21ff0bb0a11a40761507d51e318d633d1,watch,0.5700,322,0.1214,0.4400,0.2200,0.1500,1,0,"global score 0.57 above threshold 0.5, copyable"
123,0x0224bb9eb0a5c9fd261ac9123a72cbdd5748292a,watch,0.4200,442,-0.4004,0.1900,0.0900,0.1500,1,0,"borderline score 0.42; no copyability concerns detected"
123,0x7ea571c40408f340c1c8fc8eaacebab53c1bde7b,watch,0.3900,482,-0.5019,0.3400,0.1700,0.1500,1,0,"borderline score 0.39; spreads usually wide"
123,0x87da2f16cf98af9b3e2f6ba6d9c4c470815b53d1,watch,0.3800,368,-0.4675,0.3200,0.1600,0.1500,1,0,"borderline score 0.38; spreads usually wide"
124,0x12ec6d71325afac2b4d25b3de94185e2c48d41ae,watch,0.5800,500,0.1263,0.5700,0.2800,0.1500,1,0,"global score 0.58 above threshold 0.5, copyable"
125,0x122cb94c437ea5e6f088c6c0c143c592ab8efbed,watch,0.4600,8,0.0747,0.2500,0.2400,0.1500,1,0,"borderline score 0.46; spreads usually wide"
126,0xe291a588ece487f3323736c55c6144f6a99e748e,watch,0.5600,477,0.0266,0.6800,0.3400,0.1500,1,0,"global score 0.56 above threshold 0.5, copyable"
127,0x7f3fdcee40e8711b9480b87dbbbc62cb8bdb8517,watch,0.4000,495,-0.4563,0.0600,0.0300,0.1500,1,0,"borderline score 0.4; no copyability concerns detected"
128,0x4ebc2722adc772bde8680792d0a6fdf15499a33d,watch,0.6700,220,0.2692,0.6500,0.3300,0.1500,1,0,"global score 0.67 above threshold 0.5, copyable"
129,0x090af6fd2aeb04202abc97370aa86c1b81d90fa6,watch,0.6100,500,0.0016,0.3300,0.3100,0.1500,1,0,"global score 0.61 above threshold 0.5, copyable"
130,0x0a6356d95e871f7288063d56a2db518ea004fc03,watch,0.7300,371,0.9916,0.6700,0.3300,0.1500,1,0,"global score 0.73 above threshold 0.5, copyable"
130,0x4ab9b54427ec4b7f3646b1a0ef1bed73bc708ebe,watch,0.1900,0,0.0000,0.0000,0.0000,0.1500,1,0,"weak score 0.19; trades often illiquid; few resolved trades"
131,0x824c70b95e766341579e89fcac4bbb121a8fd2bb,watch,0.6700,26,2.0624,0.1500,0.0800,0.1500,1,0,"global score 0.67 above threshold 0.5, copyable"
132,0xbfe921a3e8a5c314c368400a41a54b42e7d05f53,watch,0.6700,500,0.2539,0.8000,0.4000,0.1500,1,0,"global score 0.67 above threshold 0.5, copyable"
133,0xc5187cb669690150643ba2f9aac6b7d98d212594,watch,0.4400,23,0.0047,0.4800,0.2400,0.1500,1,0,"borderline score 0.44; no copyability concerns detected"
134,0xa18c5cf2bc6eec389d2d512582ae14654b99d792,watch,0.4200,402,-0.1867,0.7000,0.3500,0.1500,1,0,"borderline score 0.42; spreads usually wide"
135,0x1e52bbdf389526f57abc62641d518868f4c5eb43,watch,0.8000,329,0.3535,1.0000,0.5000,0.1500,1,0,"global score 0.8 above threshold 0.5, copyable"
136,0xd85d8b37515111083ff9bf50794dd2fb80373f48,watch,0.4500,500,-0.3525,0.6800,0.3400,0.1500,1,0,"borderline score 0.45; no copyability concerns detected"
137,0x29b52d98ac9ef9414b04164246c95bc63d74cc6c,watch,0.6900,344,0.3599,0.5700,0.2800,0.1500,1,0,"global score 0.69 above threshold 0.5, copyable"
137,0x6db983ff1cbc85249e64e6ccd101aaa613ba4ab5,watch,0.4600,353,-0.0570,0.4600,0.2300,0.1500,1,0,"borderline score 0.46; spreads usually wide"
138,0x4be1fa92e6ceaf886aac0bbec3be6c527133aa70,watch,0.3800,499,-0.2879,0.1900,0.1000,0.1500,1,0,"borderline score 0.38; spreads usually wide"
138,0x970998da056e60c707d9b1fc55cfdf3d68c252ab,watch,0.4900,386,-0.1335,0.8700,0.4300,0.1500,1,0,"borderline score 0.49; spreads usually wide"
139,0x1610db79f753a80207e1d66716be9e91e627ae49,watch,0.5300,500,0.0292,0.3300,0.1600,0.1500,1,0,"global score 0.53 above threshold 0.5, copyable"
139,0xeac22222ef8d2be457c00101a1a4e4925ec5dddc,watch,0.5500,441,-0.0051,0.5400,0.2700,0.1500,1,0,"global score 0.55 above threshold 0.5, copyable"
140,0x00eca75f93d2dba8cd7c7e58cc1f0c26f1b78240,watch,0.5500,40,0.4756,0.1800,0.0900,0.1500,1,0,"global score 0.55 above threshold 0.5, copyable"
140,0x191f77486cb1c5af42e54734621804936a204a8d,watch,0.5600,424,0.0903,0.4200,0.2100,0.1500,1,0,"global score 0.56 above threshold 0.5, copyable"
141,0x8f8c0eb3c2450ae709c2369bb61dd1b049e9e275,watch,0.6200,417,0.1366,0.6900,0.3500,0.1500,1,0,"global score 0.62 above threshold 0.5, copyable"
142,0x38181f43e5802391522583a82d05893df3039797,watch,0.6000,493,0.1362,0.5700,0.2800,0.1500,1,0,"global score 0.6 above threshold 0.5, copyable"
142,0xf0ca28d5b0141f0a8e7b251dea80fd881cb166ed,watch,0.5400,500,-0.1042,0.4300,0.2200,0.1500,1,0,"global score 0.54 above threshold 0.5, copyable"
143,0x68b4ac831048b02fc9462cd653adbfeb65abe777,watch,0.8100,152,1.0580,0.9400,0.4700,0.1500,1,0,"global score 0.81 above threshold 0.5, copyable"
143,0x6c3aae17140c5e3cde62380daaa323e38575c459,watch,0.1900,0,0.0000,0.0000,0.0000,0.1500,1,0,"weak score 0.19; trades often illiquid; few resolved trades"
143,0xa309f903dbbd559e87d8d368834b8e41355c4cf2,watch,0.8300,243,0.3422,0.9000,0.4500,0.1500,1,0,"global score 0.83 above threshold 0.5, copyable"
144,0xb2347441402286d1afdc510a548db61c86da1c20,watch,0.6300,500,0.1888,0.6700,0.3300,0.1500,1,0,"global score 0.63 above threshold 0.5, copyable"
144,0xfd2930a094c0a6900a2dc947e5db462d11ae77ae,watch,0.7400,500,0.7241,1.0000,0.5000,0.1500,1,0,"global score 0.74 above threshold 0.5, copyable"
145,0x79ae097215202b5d01f98e4479fb219102469a4a,watch,0.5800,499,0.1569,0.3700,0.1900,0.1500,1,0,"global score 0.58 above threshold 0.5, copyable"
145,0xf67f72df65797a85dc9fd44d57adfe5b7b4a31cf,watch,0.7000,349,0.1519,0.9800,0.4900,0.1500,1,0,"global score 0.7 above threshold 0.5, copyable"
146,0x9fcfbb4a9b536e5ba8cb0abe812f7fd9abbee455,watch,0.6400,488,0.0882,0.9000,0.4500,0.1500,1,0,"global score 0.64 above threshold 0.5, copyable"
146,0xe414ebd2f365b5f68839d25d259b1e8cb1b5dbbd,watch,0.3600,36,-0.3453,0.2200,0.1100,0.1500,1,0,"borderline score 0.36; spreads usually wide"
147,0x15c81b35df1404e5f4bacd63dcfa944b70fdd2d0,watch,0.6800,422,0.5772,0.2800,0.1400,0.1500,1,0,"global score 0.68 above threshold 0.5, copyable"
147,0x233e0acce6af8c97cea97438d76a6ed8f44d02c3,watch,0.6400,14,3.7247,0.4300,0.2100,0.1500,1,0,"global score 0.64 above threshold 0.5, copyable"
147,0x5dab5ed9691fab220535891d9c7f5c28eed322e1,watch,0.4900,500,-0.0752,0.4300,0.2200,0.1500,1,0,"borderline score 0.49; no copyability concerns detected"
148,0x012117729450d19b22018ad8c6e9357bcd34f722,watch,0.5200,491,-0.0383,0.7100,0.3600,0.1500,1,0,"global score 0.52 above threshold 0.5, copyable"
148,0x1f901855edd16a13a700bf561e7604242c4e21fa,watch,0.7200,500,0.2657,0.9300,0.4700,0.1500,1,0,"global score 0.72 above threshold 0.5, copyable"
148,0x6139c42e48cf190e67a0a85d492413b499336b7a,watch,0.6200,500,0.0107,0.5600,0.2800,0.1500,1,0,"global score 0.62 above threshold 0.5, copyable"
149,0x1cfd617a287f09aadbd3d661918ea0457a79d6f8,watch,0.4000,24,-0.3270,0.4200,0.2100,0.1500,1,0,"borderline score 0.4; spreads usually wide"
149,0x35e2803bf31acbea2c72603d5bff3d8fbef69dcb,watch,0.5300,79,0.0260,0.5100,0.2500,0.1500,1,0,"global score 0.53 above threshold 0.5, copyable"
149,0x533c789d479d445186ff8ec132fa7a27541c2658,watch,0.7000,437,0.2954,0.6900,0.3500,0.1500,1,0,"global score 0.7 above threshold 0.5, copyable"
149,0xcc32068e0d0b19790e3376bc1751552adcca92d2,watch,0.5700,369,0.0261,0.6900,0.3500,0.1500,1,0,"global score 0.57 above threshold 0.5, copyable"
149,0xde9f7f4e77a1595623ceb58e469f776257ccd43c,watch,0.5500,431,-0.0088,0.4600,0.2300,0.1500,1,0,"global score 0.55 above threshold 0.5, copyable"
150,0x07a9bf6d9a913df0e149bb2d652998b57fd832c8,watch,0.6500,49,0.2801,0.4900,0.2400,0.1500,1,0,"global score 0.65 above threshold 0.5, copyable"
150,0x21468ad63a833f5f9ea5c2835fb4e9dec57ad41b,watch,0.7000,500,0.4477,0.4500,0.2300,0.1500,1,0,"global score 0.7 above threshold 0.5, copyable"
150,0xa022ba0a68e11a78348382ff168601012d4d77f8,watch,0.7800,500,0.6579,0.9000,0.4500,0.1500,1,0,"global score 0.78 above threshold 0.5, copyable"
150,0xd81e5bc01e4a98d0af93d82dc2c542a4c0f9e3d0,watch,0.5400,500,0.0863,0.4600,0.2300,0.1500,1,0,"global score 0.54 above threshold 0.5, copyable"
151,0x48ac40fc545cf327edd5365435c3a9f385614a7e,watch,0.5700,490,0.0267,0.8000,0.4000,0.1500,1,0,"global score 0.57 above threshold 0.5, copyable"
151,0x84ad9c5c547a82ec9a08547b94bd922446e5bfb7,watch,0.5300,73,-0.0315,0.7400,0.3700,0.1500,1,0,"global score 0.53 above threshold 0.5, copyable"
151,0xc6a71cad90060abc0c1ff8ebd6f6a8fc02ed504e,watch,0.5300,500,0.1884,0.1200,0.0600,0.1500,1,0,"global score 0.53 above threshold 0.5, copyable"
152,0x898b4ce2037316badeaba718110f4ffb41c36c00,watch,0.6300,500,0.2397,0.6800,0.3400,0.1500,1,0,"global score 0.63 above threshold 0.5, copyable"
152,0xc2c89e23a69936da2991ddffdc7c99d4f0bd5471,watch,0.5100,500,-0.0487,0.8400,0.4200,0.1500,1,0,"global score 0.51 above threshold 0.5, copyable"
153,0x06dc51826bc524d9a83770e7de9dd7e005b04524,watch,0.5100,500,-0.0832,0.5200,0.2600,0.1500,1,0,"global score 0.51 above threshold 0.5, copyable"
153,0xcae693bcf9696a2ebf0a62de767719b45f354f85,watch,0.5800,464,0.0467,0.7300,0.3600,0.1500,1,0,"global score 0.58 above threshold 0.5, copyable"
154,0xac4a1fabdac2438d6afa2a9e8e83845310a0bf1e,watch,0.3900,128,-0.2015,0.1800,0.0900,0.1500,1,0,"borderline score 0.39; spreads usually wide"
155,0x39932ca2b7a1b8ab6cbf0b8f7419261b950ccded,watch,0.7500,500,0.5010,0.8800,0.4400,0.1500,1,0,"global score 0.75 above threshold 0.5, copyable"
156,0x927829baa6060c0d1d8633f9e11e7db158669a1b,watch,0.6300,399,0.2243,0.5400,0.2700,0.1500,1,0,"global score 0.63 above threshold 0.5, copyable"
157,0x0cb038487586d1119b165466072e9baf666f3a90,watch,0.4800,348,-0.0522,0.6100,0.3000,0.1500,1,0,"borderline score 0.48; spreads usually wide"
158,0xc15b833b6991e5dbcaca029f7d0f951e5db238af,watch,0.5800,164,-0.0349,0.9900,0.4900,0.1500,1,0,"global score 0.58 above threshold 0.5, copyable"
158,0xe337f5a28e9c530a676c959a1888ba5368664ad6,watch,0.5900,500,0.0563,0.7300,0.3600,0.1500,1,0,"global score 0.59 above threshold 0.5, copyable"
159,0x4a18ec2584f44f3f5779c4b7caf18b550d44f4a9,watch,0.6000,14,0.3763,0.3600,0.1800,0.1500,1,0,"global score 0.6 above threshold 0.5, copyable"
160,0x99e42eb9038705165b22f821e27659c1dc41e4c4,watch,0.5100,500,-0.0105,0.7000,0.3500,0.1500,1,0,"global score 0.51 above threshold 0.5, copyable"
161,0x960bf404c1eca257411203164357a925e33fae8d,watch,0.7100,500,0.5028,0.5300,0.2700,0.1500,1,0,"global score 0.71 above threshold 0.5, copyable"
162,0xc57f19fd86e4531560980d1cd73310c9fbfbc909,watch,0.7000,500,0.3140,0.5700,0.2900,0.1500,1,0,"global score 0.7 above threshold 0.5, copyable"
163,0x54b56146656e7eef9da02b3a030c18e06e924b31,watch,0.7400,44,0.3299,0.7500,0.3800,0.1500,1,0,"global score 0.74 above threshold 0.5, copyable"
164,0x2b3d1e9bdf941d435dc91a8b974b86f7064c8db7,watch,0.6600,500,0.1145,0.7000,0.3500,0.1500,1,0,"global score 0.66 above threshold 0.5, copyable"
165,0xc07d5961e7a361992983c1a3a865d00dc28cb1df,watch,0.5800,500,0.0936,0.3800,0.1900,0.1500,1,0,"global score 0.58 above threshold 0.5, copyable"
166,0x3725d52f3c252e8374999cc8617292ea2608ad88,watch,0.4700,418,-0.0633,0.2800,0.1400,0.1500,1,0,"borderline score 0.47; no copyability concerns detected"
167,0x6918ea182d963b1fb7888860b8a8b8bcfba5782b,watch,0.7500,165,0.2820,0.9200,0.4600,0.1500,1,0,"global score 0.75 above threshold 0.5, copyable"
168,0xab444cf90149a8128eb510099e5917f521547ffe,watch,0.5800,489,0.1670,0.5200,0.2600,0.1500,1,0,"global score 0.58 above threshold 0.5, copyable"
169,0xece0c003e035b724b7fe819c0b363359f475a64d,watch,0.7300,7,2.9865,1.0000,0.5000,0.1500,1,0,"global score 0.73 above threshold 0.5, copyable"
169,0xf5198df69e13937a40d1c76d6f72d9aa067d906b,watch,0.5900,492,0.0951,0.7500,0.3800,0.1500,1,0,"global score 0.59 above threshold 0.5, copyable"
170,0xa1e6ba93d878b71a895f80fcb5c36337143fe1c2,watch,0.5300,109,0.0153,0.8300,0.4200,0.1500,1,0,"global score 0.53 above threshold 0.5, copyable"
171,0x7986576408b65a9805ac85553be33ad0b044baa5,watch,0.4900,384,-0.0662,0.4700,0.2300,0.1500,1,0,"borderline score 0.49; no copyability concerns detected"
172,0x072fc0e9ccdecbe811c0887f0536ecdbf433ffdd,watch,0.4200,500,-0.3975,0.4100,0.2100,0.1500,1,0,"borderline score 0.42; no copyability concerns detected"
173,0x60ec17443af511a21945f01430e61c803465f7b0,watch,0.5100,497,-0.0177,0.5100,0.2600,0.1500,1,0,"global score 0.51 above threshold 0.5, copyable"
174,0x2b5405a5c888576384ef6f6949332e20adac6648,watch,0.2600,3,0.1145,1.0000,0.5000,0.1500,1,0,"weak score 0.26; profit concentrated in one trade; few resolved trades"
175,0x92ebac769a27f21adeaead74086adaf48d4e9fcd,watch,0.5500,439,-0.0257,0.6700,0.3300,0.1500,1,0,"global score 0.55 above threshold 0.5, copyable"
176,0x52ecea7b3159f09db589e4f4ee64872fd0bba6f3,watch,0.5700,456,-0.0503,0.7700,0.3900,0.1500,1,0,"global score 0.57 above threshold 0.5, copyable"
176,0x6485f47d0344c03eb4340f985159f6eb2dcba265,watch,0.6200,500,0.1245,0.5300,0.2700,0.1500,1,0,"global score 0.62 above threshold 0.5, copyable"
177,0x4df332e27f9ee3224f52ce30e3ce15c1075e788f,watch,0.6000,436,0.1836,0.4500,0.2300,0.1500,1,0,"global score 0.6 above threshold 0.5, copyable"
178,0x9b9ff79cdc3c6dc3abbc494b06ea577567bea26a,watch,0.1900,0,0.0000,0.0000,0.0000,0.1500,1,0,"weak score 0.19; trades often illiquid; few resolved trades"
179,0xe8c4d68aff65b38cac46987b9b65e01eb47d395d,watch,0.7500,245,0.5593,0.5300,0.2700,0.1500,1,0,"global score 0.75 above threshold 0.5, copyable"
180,0x0d2d845a6ff64e31e04a70afce8a573940767ff5,watch,0.8000,494,0.4412,0.6000,0.3000,0.1500,1,0,"global score 0.8 above threshold 0.5, copyable"
180,0x225b8c4561bbb07f92f380f6bc8d92071f1a9a83,watch,0.4000,458,-0.2603,0.3600,0.1800,0.1500,1,0,"borderline score 0.4; spreads usually wide"
181,0xf3ce7f04dde4f8c5aed19a20e5ecd8520e5ca57a,watch,0.5700,373,0.0737,0.6100,0.3100,0.1500,1,0,"global score 0.57 above threshold 0.5, copyable"
182,0x0fce7c54120bfc84407035579f942a83290263d5,watch,0.4000,466,-0.5481,0.3900,0.2000,0.1500,1,0,"borderline score 0.4; spreads usually wide"
182,0x73a75eb0eba491422afc45f500d7b6da11908ef1,watch,0.4300,458,-0.0467,0.1400,0.0700,0.1500,1,0,"borderline score 0.43; spreads usually wide"
183,0xdd256e5df4d54e86ec5ea64ecab70e4d839aa624,watch,0.6300,225,0.2005,0.6100,0.3100,0.1500,1,0,"global score 0.63 above threshold 0.5, copyable"
184,0x54525ee78bd513b0bf75f94e560158f6fc35d448,watch,0.7000,16,0.5628,0.8800,0.4400,0.1500,1,0,"global score 0.7 above threshold 0.5, copyable"
185,0x55d94368a50750f264cf42096e9034315d9c832c,watch,0.6000,496,0.1930,0.4700,0.2300,0.1500,1,0,"global score 0.6 above threshold 0.5, copyable"
186,0x695d8d90deae05ea1e07d3804130ff9564fd0d7c,watch,0.6100,481,0.0819,0.7700,0.3800,0.1500,1,0,"global score 0.61 above threshold 0.5, copyable"
187,0x880b1fc5d3beb01c237f0848b249fd72b48fc98b,watch,0.4400,423,-0.0833,0.4100,0.2000,0.1500,1,0,"borderline score 0.44; spreads usually wide"
187,0xf3c73f43afd680a35b4c65af727ebf7a495dc83b,watch,0.3800,500,-0.4001,0.0600,0.0300,0.1500,1,0,"borderline score 0.38; no copyability concerns detected"
188,0x09933d426d714890588f597eac833dbd947e525f,watch,0.5900,406,0.1001,0.5200,0.2600,0.1500,1,0,"global score 0.59 above threshold 0.5, copyable"
188,0x6a32a31f2b28c31c016c6a222f2942240d8d0086,watch,0.5800,500,0.1229,0.6700,0.3400,0.1500,1,0,"global score 0.58 above threshold 0.5, copyable"
188,0xcc500cbcc8b7cf5bd21975ebbea34f21b5644c82,watch,0.5300,357,0.0278,0.5900,0.2900,0.1500,1,0,"global score 0.53 above threshold 0.5, copyable"
189,0x209b7ae1ca186e3e05c5d2dd2f504e6936e95706,watch,0.7400,500,1.1527,1.0000,0.5000,0.1500,1,0,"global score 0.74 above threshold 0.5, copyable"
190,0xe033e9d4a0e8b30c417f3f7abcb029bc695940a5,watch,0.7000,500,0.1344,0.7500,0.3700,0.1500,1,0,"global score 0.7 above threshold 0.5, copyable"
190,0xe0dbdb7f005f233f4510e4ef7e53a2f76a8df44e,watch,0.7200,471,0.3993,0.5400,0.2700,0.1500,1,0,"global score 0.72 above threshold 0.5, copyable"
191,0x0a39b3b29ab3b7dd753aa96fde4ecab3f2dbb0b9,watch,0.4200,500,-0.7876,0.3200,0.1600,0.1500,1,0,"borderline score 0.42; no copyability concerns detected"
191,0x6f3e7f25baa7d2d49e15e2d2957ff3dec62cbcf8,watch,0.6200,489,0.0780,0.8400,0.4200,0.1500,1,0,"global score 0.62 above threshold 0.5, copyable"
191,0xa3282d3e882501229c75d0caf134e62e3afb4977,watch,0.5000,98,0.0079,0.6800,0.3400,0.1500,1,0,"global score 0.5 above threshold 0.5, copyable"
191,0xf0726b6a29afdfd3c193aa5540df16b0175d467a,watch,0.5800,244,0.1017,0.5500,0.2800,0.1500,1,0,"global score 0.58 above threshold 0.5, copyable"
192,0xb595d09ce5bbc4d39e3b3d04e80c402d2c8d5922,watch,0.5900,494,0.0328,1.0000,0.5000,0.1500,1,0,"global score 0.59 above threshold 0.5, copyable"
193,0x10a6fadcbacd66330862206f6199b197e3ad4d8b,watch,0.4700,496,-0.0650,0.5000,0.2500,0.1500,1,0,"borderline score 0.47; spreads usually wide"
193,0xb45a797faa52b0fd8adc56d30382022b7b12192c,watch,0.4300,446,-0.4219,0.7000,0.3500,0.1500,1,0,"borderline score 0.43; spreads usually wide"
194,0x55eca3687ea7d69632ffe0f297ea3d5158bb8c7d,watch,0.6100,500,0.0732,0.2200,0.1100,0.1500,1,0,"global score 0.61 above threshold 0.5, copyable"
195,0x01787658d8e709979d70229d2e6129ae1a41bff1,watch,0.6400,500,0.1461,0.5400,0.2700,0.1500,1,0,"global score 0.64 above threshold 0.5, copyable"
195,0x325f0e5b5afc66ff54102d850f67f0c621304511,watch,0.4700,500,-0.0856,0.5700,0.2800,0.1500,1,0,"borderline score 0.47; spreads usually wide"
195,0x7d9d476786b0c811d89fdeca2f9ee0e9fd3b3c52,watch,0.6800,499,0.3173,0.8100,0.4000,0.1500,1,0,"global score 0.68 above threshold 0.5, copyable"
196,0x04e6840687847a98f9ecfbb512a8c8b98d073914,watch,0.5900,492,0.1369,0.5200,0.2600,0.1500,1,0,"global score 0.59 above threshold 0.5, copyable"
196,0xa080dadd87036ad01dbf5e9c254b0c3dbdba234f,watch,0.5400,500,0.0034,0.7800,0.3900,0.1500,1,0,"global score 0.54 above threshold 0.5, copyable"
197,0x224b255eaa3279ceb77330317d3c38ee8e73f6b8,watch,0.8600,35,7.3535,0.9100,0.4600,0.1500,1,0,"global score 0.86 above threshold 0.5, copyable"
197,0xbb066c718991a5e70236e8ae7864732a1b24d915,watch,0.5100,5,0.9962,1.0000,0.5000,0.1500,1,0,"global score 0.51 above threshold 0.5, copyable"
197,0xf17abb5c9905d85942f3a03f0efac9d0bac9fa3a,watch,0.7200,500,0.5121,0.6200,0.3100,0.1500,1,0,"global score 0.72 above threshold 0.5, copyable"
198,0x13e0d447520ebe7f8eeaf7817211201b2c585204,watch,0.4100,500,-0.3875,0.3700,0.1800,0.1500,1,0,"borderline score 0.41; no copyability concerns detected"
198,0x3f2fb96d634db7c62dfa4f59d85f30c28d40be86,watch,0.7300,391,0.6105,0.9100,0.4500,0.1500,1,0,"global score 0.73 above threshold 0.5, copyable"
198,0xaebf79cb16c710f409fee7961effb7ebdfa6332b,watch,0.3200,10,0.2277,0.8000,0.4000,0.1500,1,0,"weak score 0.32; profit concentrated in one trade"
198,0xbd0477e08d82d35a855ff19644a88a9213d8fbb0,watch,0.7500,291,1.6172,0.5700,0.2900,0.1500,1,0,"global score 0.75 above threshold 0.5, copyable"
199,0x379f36e9be13cb0784aa8d81284926a463047d70,watch,0.5600,500,0.0511,0.9000,0.4500,0.1500,1,0,"global score 0.56 above threshold 0.5, copyable"
199,0xa9c4b118095a4f67ba9ba461aadf6a9cfe5e7433,watch,0.7200,497,0.3667,0.6200,0.3100,0.1500,1,0,"global score 0.72 above threshold 0.5, copyable"
199,0xb89d0b6e96e790afa900b53476b8f267a94d1d4f,watch,0.7100,500,0.9126,0.4000,0.2000,0.1500,1,0,"global score 0.71 above threshold 0.5, copyable"
200,0x13414a77a4be48988851c73dfd824d0168e70853,watch,0.6300,487,0.2231,0.5800,0.2900,0.1500,1,0,"global score 0.63 above threshold 0.5, copyable"
200,0x252d7bae5ec87553dcafb23e275c202ac0d3c456,watch,0.5300,320,0.0589,0.6400,0.3200,0.1500,1,0,"global score 0.53 above threshold 0.5, copyable"
200,0xb10047d6a254b2ebb306d7a7d13bf59171ab6461,watch,0.5500,66,-0.1360,0.8300,0.4200,0.1500,1,0,"global score 0.55 above threshold 0.5, copyable"
200,0xd3e744fddde2d63588636434a1ce9b1dee3aea94,watch,0.4100,497,-0.0434,0.0900,0.0500,0.1500,1,0,"borderline score 0.41; spreads usually wide"
201,0x46084b812a2d0cbafa1cf1f8593314648179d049,watch,0.7500,500,0.4143,0.8900,0.4500,0.1500,1,0,"global score 0.75 above threshold 0.5, copyable"
201,0x723ddc068e53830c4431d490e7b0cbd5cdfc3a40,watch,0.4000,500,-0.1523,0.5100,0.2500,0.1500,1,0,"borderline score 0.4; spreads usually wide"
202,0x99c4fb1f78881601075bc25b13c9af76bc5918e7,watch,0.5500,500,-0.0030,0.5800,0.2900,0.1500,1,0,"global score 0.55 above threshold 0.5, copyable"
202,0xd1a850ad821b49e585edb0af3f2c7e6cb07a6427,watch,0.5000,433,-0.1280,0.5700,0.2800,0.1500,1,0,"global score 0.5 above threshold 0.5, copyable"
203,0x2d395d11014415644fe9a8599fe050e7f3a06053,watch,0.5700,499,0.1125,0.5800,0.2900,0.1500,1,0,"global score 0.57 above threshold 0.5, copyable"
203,0x7b8c5eadb49be4452148aa31fd98738766c01556,watch,0.3500,500,-0.1455,0.0700,0.0300,0.1500,1,0,"borderline score 0.35; spreads usually wide"
203,0x9592adb70397e9de67ba9abe6971e3f50fb7a7b8,watch,0.4800,110,-0.0523,0.3400,0.1700,0.1500,1,0,"borderline score 0.48; spreads usually wide"
203,0xc90240c20fa7f94672d77b8cad838c05b9e0cd14,watch,0.3300,500,-0.3620,0.1000,0.0500,0.1500,1,0,"weak score 0.33; spreads usually wide"
204,0x04026a73e1a713d7ae0985d0f63ae8a7695f4e41,watch,0.7100,274,0.3954,0.3500,0.1800,0.1500,1,0,"global score 0.71 above threshold 0.5, copyable"
205,0x7e5d2991c2647de2348287e2f499329fc6a6c4c3,watch,0.5400,357,-0.0132,0.5200,0.3800,0.1500,1,0,"global score 0.54 above threshold 0.5, copyable"
206,0x0c0e270cf879583d6a0142fc817e05b768d0434e,watch,0.5500,500,-0.0047,0.0000,0.0000,0.1500,1,0,"global score 0.55 above threshold 0.5, copyable"
206,0xff81cc85838ce8f91a7d4ae2eeddadfa3f8444c9,watch,0.5800,495,0.0709,0.6500,0.3300,0.1500,1,0,"global score 0.58 above threshold 0.5, copyable"
207,0x83ab43a70eecf43077991aded14db9b24a4e06df,watch,0.2200,3,0.2895,0.6700,0.3300,0.1500,1,0,"weak score 0.22; profit concentrated in one trade; few resolved trades"
207,0xdaef2be2a19ad331737d06545f85615b094554e9,watch,0.5900,492,0.1336,0.5200,0.2600,0.1500,1,0,"global score 0.59 above threshold 0.5, copyable"
208,0xeebde7a0e019a63e6b476eb425505b7b3e6eba30,watch,0.5500,309,0.0355,0.4500,0.2200,0.1500,1,0,"global score 0.55 above threshold 0.5, copyable"
209,0x3471a897e56a8d3621ca79af87dae4325977f17e,watch,0.5700,498,0.1059,0.5500,0.2800,0.1500,1,0,"global score 0.57 above threshold 0.5, copyable"
209,0x3da89a55cdd4b5c69f80e5cd3ef1782a3e0480c3,watch,0.4800,498,-0.0891,0.6300,0.3200,0.1500,1,0,"borderline score 0.48; spreads usually wide"
209,0xfaf98181c44636998a194aa7660bcae1b977f4c4,watch,0.5900,388,0.0021,1.0000,0.6500,0.1500,1,0,"global score 0.59 above threshold 0.5, copyable"
210,0x0bb8a71b7ed93265c8045640fb3aa1eb93ad253e,watch,0.8500,500,0.6169,0.8900,0.4500,0.1500,1,0,"global score 0.85 above threshold 0.5, copyable"
211,0xef2684030d14a67c2a30a3e4fc00eed7a99505ba,watch,0.4000,423,-0.1820,0.3500,0.1700,0.1500,1,0,"borderline score 0.4; spreads usually wide"
212,0xf7c2664cb29240811d6a89dd3960ebbc03a79b8d,watch,0.6200,491,0.2016,0.4700,0.2300,0.1500,1,0,"global score 0.62 above threshold 0.5, copyable"
213,0x37e944c698f533d3144d1175f3e846dcafb9eede,watch,0.6200,496,0.1698,0.7400,0.3700,0.1500,1,0,"global score 0.62 above threshold 0.5, copyable"
213,0x5d1510f1d860f5b90587369b0a19b5bf7b1aa2d0,watch,0.7800,463,0.4318,0.9100,0.4600,0.1500,1,0,"global score 0.78 above threshold 0.5, copyable"
214,0xc6587b11a2209e46dfe3928b31c5514a8e33b784,watch,0.6700,12,0.4757,1.0000,0.5000,0.1500,1,0,"global score 0.67 above threshold 0.5, copyable"
215,0x76451b711ca9bd422155bc3dfe23ab1dfed03117,watch,0.7300,493,0.4072,0.6100,0.3100,0.1500,1,0,"global score 0.73 above threshold 0.5, copyable"
215,0x893575c7d99542163c6b6e8a0fe5af0b6d217daa,watch,0.8000,500,0.7768,0.7700,0.3900,0.1500,1,0,"global score 0.8 above threshold 0.5, copyable"
215,0x9636b638a9b942b5945b0a54e86acd4120ddd08b,watch,0.7800,331,0.5810,0.8900,0.4500,0.1500,1,0,"global score 0.78 above threshold 0.5, copyable"
216,0x602785cdf56a03221130d3d42a577ac6cf444320,watch,0.5500,487,0.0559,0.6700,0.3400,0.1500,1,0,"global score 0.55 above threshold 0.5, copyable"
216,0xd5b510cca6682d4ab23afadf4694a2febadb3364,watch,0.5800,500,0.0216,0.1700,0.0800,0.1500,1,0,"global score 0.58 above threshold 0.5, copyable"
217,0x10658d371ae1f09eed503a3a14c8ac6a1a936218,watch,0.4600,500,-0.1088,0.3600,0.1800,0.1500,1,0,"borderline score 0.46; no copyability concerns detected"
217,0x7a5bfa766915faaecab7adf3d606d906ea0bd1dd,watch,0.8100,498,0.4652,0.9200,0.4600,0.1500,1,0,"global score 0.81 above threshold 0.5, copyable"
218,0x6bb33bdb14cea8f53766539efc6019b55e8a758e,watch,0.6200,455,0.1794,0.6900,0.3500,0.1500,1,0,"global score 0.62 above threshold 0.5, copyable"
219,0x7845161180695b5741fa3d71f203eaaac497417b,watch,0.6900,219,0.4794,0.6100,0.3100,0.1500,1,0,"global score 0.69 above threshold 0.5, copyable"
220,0xaa6fc72915776598fd7f6b45b04f03f9c26a1dfe,watch,0.5800,418,0.1008,0.5600,0.2800,0.1500,1,0,"global score 0.58 above threshold 0.5, copyable"
221,0xc58df0b98437f613e20916c242403e0a6c009373,watch,0.4100,500,-0.4518,0.2100,0.1000,0.1500,1,0,"borderline score 0.41; no copyability concerns detected"
222,0x335d3dedf02b9884db93dc4c1a90cf578e598c00,watch,0.5900,330,0.0687,0.7800,0.3900,0.1500,1,0,"global score 0.59 above threshold 0.5, copyable"
222,0x7b0f0ac9487b3e8bf5be5dde1a7e3ace84604633,watch,0.6000,325,0.1350,0.6400,0.3200,0.1500,1,0,"global score 0.6 above threshold 0.5, copyable"
223,0x82398835fe16616214d928ba87127e28fc1cd9a3,watch,0.6200,92,0.1852,0.6400,0.3200,0.1500,1,0,"global score 0.62 above threshold 0.5, copyable"
224,0x5fe14b52584c83c18496914db0b30a28d4510981,watch,0.7700,165,1.3244,0.7900,0.4000,0.1500,1,0,"global score 0.77 above threshold 0.5, copyable"
225,0x3d9141e6836b8e847d84966deb5bb72bb26fa5fd,watch,0.7000,500,0.3633,0.7500,0.3800,0.1500,1,0,"global score 0.7 above threshold 0.5, copyable"
226,0xc4ecc62dcba4b855b6e6de09f4eb39385eb62493,watch,0.6200,2,0.3699,1.0000,1.0000,0.1500,1,0,"global score 0.62 above threshold 0.5, copyable"
227,0xd106952ebf30a3125affd8a23b6c1f30c35fc79c,watch,0.6800,500,0.2900,0.6100,0.3000,0.1500,1,0,"global score 0.68 above threshold 0.5, copyable"
228,0x52d8da46bcc56e3d9f9b2099ad16904fb0b599ae,watch,0.6400,500,0.2437,0.6400,0.3200,0.1500,1,0,"global score 0.64 above threshold 0.5, copyable"
228,0xff80bb23621f03fc6300808730316c78abe09b4d,watch,0.3800,440,-0.2143,0.3500,0.1800,0.1500,1,0,"borderline score 0.38; spreads usually wide"
229,0x088ba59031e4bac4cc7b344581e3d908258221cc,watch,0.4600,499,-0.0156,0.2600,0.1300,0.1500,1,0,"borderline score 0.46; spreads usually wide"
230,0x5ad5c4608c4661361b91c92e1091d2c5b43c37b9,watch,0.7100,500,0.5514,0.4100,0.2100,0.1500,1,0,"global score 0.71 above threshold 0.5, copyable"
231,0x160bf4f27cdaaaed1408ccd1558ab30c210d4296,watch,0.4000,450,-0.4538,0.3400,0.1700,0.1500,1,0,"borderline score 0.4; no copyability concerns detected"
232,0x4c86cdfff0fcff0f6b56a9ddb9f805b4b28f6993,watch,0.5700,491,0.1754,0.4900,0.2400,0.1500,1,0,"global score 0.57 above threshold 0.5, copyable"
233,0x30c16e063c3be66d93acf14c06e2741e348f9f91,watch,0.4500,340,-0.1063,0.3200,0.1600,0.1500,1,0,"borderline score 0.45; spreads usually wide"
234,0x251150a00a619ae679b3b946bcd843ff128db649,watch,0.3700,316,0.1687,0.0200,0.0100,0.1500,1,0,"borderline score 0.37; spreads usually wide; profit concentrated in one trade"
235,0x14c32680ffc318892e0d019181e4161aa34cdf68,watch,0.5200,342,-0.0452,0.6100,0.3100,0.1500,1,0,"global score 0.52 above threshold 0.5, copyable"
236,0x1d8172fd883e4c5f1d08207e7e5554be1329b71e,watch,0.5300,8,0.1100,0.8800,0.4400,0.1500,1,0,"global score 0.53 above threshold 0.5, copyable"
236,0xa2a020a382c90b292331ef36e62a2680e3df7e90,watch,0.4500,445,-0.1201,0.2500,0.1300,0.1500,1,0,"borderline score 0.45; no copyability concerns detected"
237,0x26e7234a906e7e93d1272cde5d6118d94749cc6c,watch,0.6600,52,0.9503,0.4000,0.2000,0.1500,1,0,"global score 0.66 above threshold 0.5, copyable"
238,0x26ea96b5ce30084395a6ac8e2234f3a82f442f4b,watch,0.6000,143,0.0501,0.8300,0.4100,0.1500,1,0,"global score 0.6 above threshold 0.5, copyable"
239,0x586af89f116168b9c9ecddf19e738ce30dff6610,watch,0.6200,500,0.2811,0.2800,0.1400,0.1500,1,0,"global score 0.62 above threshold 0.5, copyable"
240,0x5b1da62d04a662da31839a482092288ca7b03721,watch,0.5500,36,0.0661,0.4700,0.2400,0.1500,1,0,"global score 0.55 above threshold 0.5, copyable"
241,0xbf00e864ca24efdc18a4aa55d6720b2fb1e31199,watch,0.5900,109,0.0330,0.8400,0.4200,0.1500,1,0,"global score 0.59 above threshold 0.5, copyable"
242,0x8bfee7aeca33003fe9d7398d5143dc7866542d74,watch,0.5300,433,0.0261,0.6700,0.3400,0.1500,1,0,"global score 0.53 above threshold 0.5, copyable"
243,0x73492e9ea5e7423cc0bb10a7169a0c81972dcc3a,watch,0.7100,472,0.3852,0.7800,0.3900,0.1500,1,0,"global score 0.71 above threshold 0.5, copyable"
244,0xfd672b99a7cc7835bf931f0cea09bf7f7680ef90,watch,0.7000,23,0.3323,0.7400,0.3700,0.1500,1,0,"global score 0.7 above threshold 0.5, copyable"
245,0x1681006e2a5c3ca35767f215947326591180b1c7,watch,0.8100,342,0.6718,0.9500,0.4800,0.1500,1,0,"global score 0.81 above threshold 0.5, copyable"
245,0x7a496671c81b436111eab24ceddf8eb680d9d9f5,watch,0.5100,499,0.0314,0.3800,0.1900,0.1500,1,0,"global score 0.51 above threshold 0.5, copyable"
245,0x7c6ad2c1e9a6a86c663cb95cc328330576f20b8c,watch,0.7500,447,1.4970,0.7400,0.3700,0.1500,1,0,"global score 0.75 above threshold 0.5, copyable"
246,0x301e286fd88abb7cda0a19a24e4dc4823c4db752,watch,0.7200,363,0.3083,0.8200,0.4100,0.1500,1,0,"global score 0.72 above threshold 0.5, copyable"
247,0x32b484581fc5606de9c1e43af4636b6be9bc8b21,watch,0.5500,463,-0.0091,0.4800,0.2400,0.1500,1,0,"global score 0.55 above threshold 0.5, copyable"
247,0x6f0f452db703827819d25ad635334ceac4844ca8,watch,0.6800,16,0.5427,0.7500,0.3800,0.1500,1,0,"global score 0.68 above threshold 0.5, copyable"
248,0x0389bcfa163fb0e07c9297a55484fe422db5847b,watch,0.7600,500,0.5670,0.8200,0.4100,0.1500,1,0,"global score 0.76 above threshold 0.5, copyable"
248,0x7f147364c1d4c099dfa47a8b91ec525030a629d1,watch,0.5700,500,0.0424,0.6600,0.3300,0.1500,1,0,"global score 0.57 above threshold 0.5, copyable"
248,0xa20924e5daa77c491b0700f045eff43a61f7ffbe,watch,0.5900,500,0.1505,0.4900,0.2400,0.1500,1,0,"global score 0.59 above threshold 0.5, copyable"
249,0x35f84931607cef621fe75177fce90970265adaa1,watch,0.6500,500,0.2877,0.4800,0.2400,0.1500,1,0,"global score 0.65 above threshold 0.5, copyable"
249,0x3693ffa9aa7d158826464608f6c83ad09741d79e,watch,0.1700,10,0.1811,0.1000,0.0500,0.1500,1,0,"weak score 0.17; spreads usually wide; profit concentrated in one trade"
249,0xb6353a9608eccba83323bdb7ee4ec8b7af68bef0,watch,0.5200,486,0.0477,0.2900,0.1500,0.1500,1,0,"global score 0.52 above threshold 0.5, copyable"
249,0xca7c00e2bf8e4571357f31631f05dbf231e6e994,watch,0.4700,272,-0.0187,0.5800,0.2900,0.1500,1,0,"borderline score 0.47; spreads usually wide"
250,0x4c230962b6bc43e34848b9d2b35d501ae64ad48f,watch,0.5300,500,0.0961,0.5200,0.2600,0.1500,1,0,"global score 0.53 above threshold 0.5, copyable"
250,0x6a34b2661f76e7cdb7c4d7835aad0babae89c216,watch,0.5200,206,0.0366,0.4400,0.2200,0.1500,1,0,"global score 0.52 above threshold 0.5, copyable"
250,0x7cbefea2f57bf129ea3446d53397b9520747c4b7,watch,0.5600,347,0.1288,0.3000,0.1500,0.1500,1,0,"global score 0.56 above threshold 0.5, copyable"
250,0x91aab8d0ae5c7dde7d9ea7ca49aeb985e09819b8,watch,0.4700,500,-0.0554,0.4200,0.2100,0.1500,1,0,"borderline score 0.47; spreads usually wide"
250,0x9d1260087333ec7cb1d5cba92fc86c39ac3d7954,watch,0.7100,500,0.3136,0.6800,0.3400,0.1500,1,0,"global score 0.71 above threshold 0.5, copyable"
250,0xb0f85baa97990910a3e8ac2b4a58a322f01ecef5,watch,0.5700,475,0.1357,0.4200,0.2900,0.1500,1,0,"global score 0.57 above threshold 0.5, copyable"
251,0x1e7792acc779a6af8304bd7991ff31d16d468c33,watch,0.5700,492,0.1370,0.2400,0.1200,0.1500,1,0,"global score 0.57 above threshold 0.5, copyable"
251,0xd202bf6d89dc6bab1b9f00ead175f75466348973,watch,0.3700,462,-0.2641,0.2200,0.1100,0.1500,1,0,"borderline score 0.37; spreads usually wide"
251,0xfc2f4f50ce2f6045d35558a5e2d8d4b2ac6610c7,watch,0.7600,500,0.2651,0.7200,0.3600,0.1500,1,0,"global score 0.76 above threshold 0.5, copyable"
252,0xab6a7da501eb0f53ab56f758e7c399f9249a2978,watch,0.5300,500,-0.0233,0.9000,0.4500,0.1500,1,0,"global score 0.53 above threshold 0.5, copyable"
253,0xc1b4bfdc36eaa5c09e7231c61e5e44c5463f624f,watch,0.5800,362,0.0994,0.4400,0.2200,0.1500,1,0,"global score 0.58 above threshold 0.5, copyable"
253,0xf7f0b0b1e9c0fe02ccad926916ee31aef74b912c,watch,0.5400,356,0.0480,0.5600,0.2800,0.1500,1,0,"global score 0.54 above threshold 0.5, copyable"
254,0x1f9e15f39bbd5d163b0eacf0fbef647ced9e4f1a,watch,0.1500,7,0.1359,0.1400,0.0700,0.1500,1,0,"weak score 0.15; spreads usually wide; profit concentrated in one trade"
254,0xf418d3a1a941292f9c8707d62a14980c5beb95a3,watch,0.5300,431,0.0265,0.5000,0.2500,0.1500,1,0,"global score 0.53 above threshold 0.5, copyable"
255,0x9412cdfc1e3171e1aabb013d0f494986445d0cd0,watch,0.4700,493,-0.0824,0.3500,0.1700,0.1500,1,0,"borderline score 0.47; no copyability concerns detected"
256,0x1cc16713196d456f86fa9c7387dd326a7f73b8df,watch,0.4000,307,-0.0446,0.0600,0.0300,0.1500,1,0,"borderline score 0.4; spreads usually wide"
256,0xec981ed70ae69c5cbcac08c1ba063e734f6bafcd,watch,0.5400,499,0.0674,0.4500,0.2300,0.1500,1,0,"global score 0.54 above threshold 0.5, copyable"
257,0xf070207d315d47fd07870e464d3ded9151f5ac55,watch,0.4500,500,-0.1131,0.4000,0.2000,0.1500,1,0,"borderline score 0.45; no copyability concerns detected"
258,0xc34b4901be324718c176100e350211d97b199296,watch,0.5900,469,0.0848,0.7200,0.3600,0.1500,1,0,"global score 0.59 above threshold 0.5, copyable"
258,0xeb6f0a13ea8c5a7a0514c25495adbe815c1025f0,watch,0.2200,1,0.0870,1.0000,1.0000,0.1500,1,0,"weak score 0.22; spreads usually wide; profit concentrated in one trade; few resolved trades"
259,0x3bf57663998170f8ca96c5e91fef4092a8aa2307,watch,0.6200,500,0.0828,0.8800,0.4400,0.1500,1,0,"global score 0.62 above threshold 0.5, copyable"
259,0x4bbe10ba5b7f6df147c0dae17b46c44a6e562cf3,watch,0.8100,113,0.6263,1.0000,0.5000,0.1500,1,0,"global score 0.81 above threshold 0.5, copyable"
260,0x7d249aa60d2be7ed0b477df0e22f9caf9791a93f,watch,0.4700,411,0.0670,0.1200,0.0600,0.1500,1,0,"borderline score 0.47; spreads usually wide"
261,0x161a7f666ca49d592848cf415b42f49a84714103,watch,0.5700,500,0.0850,0.5800,0.2900,0.1500,1,0,"global score 0.57 above threshold 0.5, copyable"
262,0x7414f47e227846765c8abb1048606003a57072a3,watch,0.6000,453,0.1501,0.8300,0.4200,0.1500,1,0,"global score 0.6 above threshold 0.5, copyable"
263,0x0108b937a5dc5981d6d90ba70a49109e949d0d26,watch,0.6200,303,0.1527,0.6400,0.3200,0.1500,1,0,"global score 0.62 above threshold 0.5, copyable"
264,0x2d6ac4f70307102ac46e9e6ded67f3838ddf8add,watch,0.6500,500,0.0927,0.8300,0.4100,0.1500,1,0,"global score 0.65 above threshold 0.5, copyable"
264,0x3413c803c3a6efc8d963afbce2dcee48d3738ff2,watch,0.4400,456,-0.1410,0.4900,0.2500,0.1500,1,0,"borderline score 0.44; spreads usually wide"
265,0xdb27bbdd185b18be3319097e1fc40300bbecbce3,watch,0.2000,9,-1.0000,0.0000,0.0000,0.1500,1,0,"weak score 0.2; spreads usually wide"
266,0x492bb408693470df7d031ef48f3a5466055b45ee,watch,0.5600,300,0.0526,0.6200,0.3100,0.1500,1,0,"global score 0.56 above threshold 0.5, copyable"
267,0x1e8cd249f85c9feffb6f54178ac1d5ed28076452,watch,0.5800,335,0.0304,0.5300,0.2600,0.1500,1,0,"global score 0.58 above threshold 0.5, copyable"
268,0x5faedf67dbf85202c91d7efc94ddf15c585d4079,watch,0.5000,500,0.0572,0.1600,0.0800,0.1500,1,0,"global score 0.5 above threshold 0.5, copyable"
269,0x60d487bc9913e2395a53f9f49bb287393abacd9c,watch,0.3000,95,4.0642,0.3200,0.1600,0.1500,1,0,"weak score 0.3; spreads usually wide; profit concentrated in one trade"
270,0x3b21433b0407e45d683cad1fcb6ba0a6b33ba230,watch,0.4800,500,-0.0554,0.4000,0.2000,0.1500,1,0,"borderline score 0.48; spreads usually wide"
271,0x25867077c891354137bbaf7fde12eec6949cc893,watch,0.7900,245,0.7796,0.6000,0.3000,0.1500,1,0,"global score 0.79 above threshold 0.5, copyable"
272,0x5235578efe24555b0c98e7dc10a902b09089c04a,watch,0.6200,242,0.1763,0.9600,0.4800,0.1500,1,0,"global score 0.62 above threshold 0.5, copyable"
273,0x3ea2cd9da75e99c7e6ef07206c341aad247de8e5,watch,0.6200,500,0.9212,0.0500,0.0200,0.1500,1,0,"global score 0.62 above threshold 0.5, copyable"
274,0xf0d5eb1cbe7350f1f896ade6c172e6700414c665,watch,0.6200,371,0.0163,0.8200,0.4100,0.1500,1,0,"global score 0.62 above threshold 0.5, copyable"
275,0xb272505077cc2c6bde5acca133ea6364152e5030,watch,0.3700,151,-0.3221,0.3000,0.1500,0.1500,1,0,"borderline score 0.37; spreads usually wide"
276,0x06b2934b382d4429d50d7239ee375a76167f9f35,watch,0.7300,500,0.7102,0.6400,0.3200,0.1500,1,0,"global score 0.73 above threshold 0.5, copyable"
277,0x99f0d31fdced5b3a0e5ee2867730a6644a6c9495,watch,0.5400,497,0.1139,0.4200,0.2100,0.1500,1,0,"global score 0.54 above threshold 0.5, copyable"
278,0xbfd770b7ff07fb2ece41b0e7c593db65a84cf0bf,watch,0.6500,476,0.2392,0.5500,0.2800,0.1500,1,0,"global score 0.65 above threshold 0.5, copyable"
279,0x04b1e3aff4fed7a6868757761db7486ddb6cd224,watch,0.5300,498,0.0174,0.5200,0.2600,0.1500,1,0,"global score 0.53 above threshold 0.5, copyable"
279,0x72a0d79b4325638bc2bcfc9a2b8a380c2d81c059,watch,0.6100,500,-0.0068,0.6500,0.3300,0.1500,1,0,"global score 0.61 above threshold 0.5, copyable"
280,0x1160696549a6e3e5d9b4a7ccaed0403902307d8a,watch,0.5300,455,0.0188,0.5100,0.2500,0.1500,1,0,"global score 0.53 above threshold 0.5, copyable"
281,0x7d99fd25681c6af0b2e12ffbe7407bbeb285c027,watch,0.7400,199,0.8278,0.9900,0.5000,0.1500,1,0,"global score 0.74 above threshold 0.5, copyable"
282,0x19f008164b5d367629089edc2c8ecc1a5ef684f8,watch,0.1900,0,0.0000,0.0000,0.0000,0.1500,1,0,"weak score 0.19; trades often illiquid; few resolved trades"
283,0x0cadd243b61a15fd47c49b57f0a64797ded1c7d5,watch,0.7100,500,0.7137,0.3200,0.1600,0.1500,1,0,"global score 0.71 above threshold 0.5, copyable"
284,0xa7000c3076f4f60c5dbef6c3a420223c6f12102b,watch,0.4700,500,-0.0492,0.2500,0.1300,0.1500,1,0,"borderline score 0.47; no copyability concerns detected"
285,0xd8ffb881f1a38e14b4ed334ccbe9761f4d97473d,watch,0.6200,500,0.2253,0.5400,0.2700,0.1500,1,0,"global score 0.62 above threshold 0.5, copyable"
286,0x81d660b27a86a406f453505ac2a6575e2fbcbe2c,watch,0.7300,426,0.3966,0.9000,0.4500,0.1500,1,0,"global score 0.73 above threshold 0.5, copyable"
287,0xbbd339eb192219358de7b92f70f595e41471641b,watch,0.4200,500,-0.3293,0.2400,0.1200,0.1500,1,0,"borderline score 0.42; no copyability concerns detected"
287,0xcd71fd5370880f3d92bb941e628c05840fe0d127,watch,0.6600,217,0.0955,0.9800,0.4900,0.1500,1,0,"global score 0.66 above threshold 0.5, copyable"
288,0x7650e94d9c2decc455d7e2b9f8af0c0aa319fac1,watch,0.5800,499,0.1016,0.2700,0.1400,0.1500,1,0,"global score 0.58 above threshold 0.5, copyable"
289,0x3c58ef422754ff22c7e806336feba0064d8b776b,watch,0.5500,459,0.0496,0.6100,0.3100,0.1500,1,0,"global score 0.55 above threshold 0.5, copyable"
290,0x45060425ac73951a6f57474a9321abea427843fd,watch,0.8600,114,0.9200,1.0000,0.5000,0.1500,1,0,"global score 0.86 above threshold 0.5, copyable"
290,0xe401e10c4bb3b6e222f90e678febb25a138daf1b,watch,0.6500,177,0.2153,0.7200,0.3600,0.1500,1,0,"global score 0.65 above threshold 0.5, copyable"
291,0x011f2d377e56119fb09196dffb0948ae55711122,watch,0.6000,500,-0.0643,0.7000,0.3500,0.1500,1,0,"global score 0.6 above threshold 0.5, copyable"
291,0x1c66c88a4be1ca1081d93c6e1fd5b5b5847ce371,watch,0.5800,391,0.1515,0.4800,0.2400,0.1500,1,0,"global score 0.58 above threshold 0.5, copyable"
291,0xb4eea1c82f0c4cf7e02e69212bd447a63314cc59,watch,0.3300,396,-0.4682,0.1100,0.0500,0.1500,1,0,"weak score 0.33; spreads usually wide"
291,0xd52b8dcb4b812c4056faf41164a6f6c73f4c5c72,watch,0.7900,500,0.2527,1.0000,0.5000,0.1500,1,0,"global score 0.79 above threshold 0.5, copyable"
292,0x2e78d7a77df765928de65f17196671fa83f2067e,watch,0.4200,500,-0.2134,0.5900,0.3000,0.1500,1,0,"borderline score 0.42; spreads usually wide"
293,0x2dc13c6bda81b202281e796953a7323de675b33c,watch,0.5300,143,-0.0194,0.5200,0.2600,0.1500,1,0,"global score 0.53 above threshold 0.5, copyable"
293,0xa5517ed74c6b07843946e0e69cad10a9fa94e050,watch,0.7300,11,0.7493,1.0000,0.5000,0.1500,1,0,"global score 0.73 above threshold 0.5, copyable"
294,0x26165df18c4dae74bfc20b8f266f0887fedbc6aa,watch,0.8200,28,2.5826,1.0000,0.5000,0.1500,1,0,"global score 0.82 above threshold 0.5, copyable"
295,0x22e4248bdb066f65c9f11cd66cdd3719a28eef1c,watch,0.5700,187,0.0989,0.8100,0.4100,0.1500,1,0,"global score 0.57 above threshold 0.5, copyable"
295,0x2fc26fa727e3fa7aa5011564ac5f55599826cfce,watch,0.6500,500,0.3454,0.5100,0.2600,0.1500,1,0,"global score 0.65 above threshold 0.5, copyable"
295,0xc0fd3818a930ed9404e0ac6019939ea97ff5a0a9,watch,0.7500,500,0.4219,0.7400,0.3700,0.1500,1,0,"global score 0.75 above threshold 0.5, copyable"
295,0xfa5f246bb1dbfe039dc7f4d3eede0d9808a86bfe,watch,0.4000,500,-0.8192,0.1900,0.0900,0.1500,1,0,"borderline score 0.4; no copyability concerns detected"
296,0x323239497bf22069f1ea44008a362a150c7518ae,watch,0.6200,107,0.5648,0.0800,0.0400,0.1500,1,0,"global score 0.62 above threshold 0.5, copyable"
296,0x54ce7dd357766fc3255645e55ef41edd51cc9f80,watch,0.5100,465,-0.0332,0.5300,0.2600,0.1500,1,0,"global score 0.51 above threshold 0.5, copyable"
296,0xb9392e612a5b05063ca012b5dede548e16e5da70,watch,0.7100,16,0.6190,0.6900,0.3400,0.1500,1,0,"global score 0.71 above threshold 0.5, copyable"
297,0x404239ba5dafb17da139d664ec720bf2f35f058f,watch,0.7300,235,0.6897,0.8000,0.4000,0.1500,1,0,"global score 0.73 above threshold 0.5, copyable"
297,0x6d9fc316c3b8377060a44b852ba664adbfd59790,watch,0.4700,91,-0.0299,0.4800,0.2400,0.1500,1,0,"borderline score 0.47; spreads usually wide"
297,0x71389d69bb86385f122e18bb427578f1d70e8c89,watch,0.5700,439,0.0737,0.6500,0.3300,0.1500,1,0,"global score 0.57 above threshold 0.5, copyable"
297,0xe075f638300fa182a930ebf9abd8db7fdbaaf2dd,watch,0.7200,72,2.9387,0.8500,0.4200,0.1500,1,0,"global score 0.72 above threshold 0.5, copyable"
297,0xff72a6a01da59f9a8656e0ad39cdb048d0a4cdaa,watch,0.4300,116,-0.1165,0.2700,0.1300,0.1500,1,0,"borderline score 0.43; spreads usually wide"
298,0x21064fd320bfd5a86f8c92a94d3209edf4154dea,watch,0.5900,500,0.0115,0.1500,0.1300,0.1500,1,0,"global score 0.59 above threshold 0.5, copyable"
298,0x4d747307bbe6bf67506a40ea66569bf560b1a37f,watch,0.4200,426,-0.2329,0.5600,0.2800,0.1500,1,0,"borderline score 0.42; spreads usually wide"
299,0x000e3112ff76ff6c5eb3c6bd5dec30bc9787f7e9,watch,0.6600,434,0.3042,0.5600,0.2800,0.1500,1,0,"global score 0.66 above threshold 0.5, copyable"
299,0x161eb16874e34f545991e774b4e1ac5b65f86ef0,watch,0.6300,500,0.0240,0.9900,0.5000,0.1500,1,0,"global score 0.63 above threshold 0.5, copyable"
299,0x32ed517a571c01b6e9adecf61ba81ca48ff2f960,watch,0.7100,407,0.4226,0.4500,0.2300,0.1500,1,0,"global score 0.71 above threshold 0.5, copyable"
299,0x4e56f1ddaa8f5328036c449b89e731ec748cdee1,watch,0.6800,178,0.2368,0.7600,0.3800,0.1500,1,0,"global score 0.68 above threshold 0.5, copyable"
299,0xdb7e54afd03f4aa344c6b15bb78f7b540be51fba,watch,0.5400,500,0.1380,0.4400,0.2200,0.1500,1,0,"global score 0.54 above threshold 0.5, copyable"
300,0x005c7d76f6d76b9ca43dd2bb7d4414f205838cc2,watch,0.3000,13,0.1777,0.2300,0.1200,0.1500,1,0,"weak score 0.3; spreads usually wide; profit concentrated in one trade"
300,0x4366ab8b8b27e4139d94a532e3cec94a83d1c73e,watch,0.7600,456,0.6646,0.8500,0.4300,0.1500,1,0,"global score 0.76 above threshold 0.5, copyable"
300,0x5dceeeec594b80f465d1be87712a0d6b6885ecd7,watch,0.6100,140,0.4844,0.9600,0.4800,0.1500,1,0,"global score 0.61 above threshold 0.5, copyable"
300,0x6c1fb68a250c75dcb321c56e1f21891d330787fc,watch,0.3100,29,-1.0000,0.0000,0.0000,0.1500,1,0,"weak score 0.31; spreads usually wide"
300,0xa900aaca24c09384bc0631f7c1995cea494b3805,watch,0.7300,243,0.6988,0.5100,0.2600,0.1500,1,0,"global score 0.73 above threshold 0.5, copyable"
301,0x7b0b3850eb4a00289a6e00097bc4daeec39cc3df,watch,0.5100,497,-0.1621,0.3800,0.1900,0.1500,1,0,"global score 0.51 above threshold 0.5, copyable"
301,0x9a2295661f3271b35ae4fb6a7078a208200ac1ef,watch,0.3100,125,-1.0000,0.0000,0.0000,0.1500,1,0,"weak score 0.31; spreads usually wide"
301,0xfcdc071df7080c214196bb0b3b751e5417f9d8e3,watch,0.5000,418,0.0158,0.5000,0.2900,0.1500,1,0,"global score 0.5 above threshold 0.5, copyable"
302,0x332a020cfab56b019b470ca47b63fda745d6c9a2,watch,0.6200,500,0.2498,0.4200,0.2100,0.1500,1,0,"global score 0.62 above threshold 0.5, copyable"
302,0xa1135292ca71a52c4cc14f1d717420f38ed6bb53,watch,0.6200,500,0.1998,0.5100,0.2600,0.1500,1,0,"global score 0.62 above threshold 0.5, copyable"
303,0x68ae0c4da7b7b811bb4a17d9070e581ff2f96358,watch,0.7800,500,0.7413,0.8600,0.4300,0.1500,1,0,"global score 0.78 above threshold 0.5, copyable"
303,0xa0e72d5575095199ae08ce0dce447f21b7249461,watch,0.5100,330,-0.0571,0.5000,0.2500,0.1500,1,0,"global score 0.51 above threshold 0.5, copyable"
304,0x68fe494c5ca794f3f247f4ec2a8bf95e3ef28792,watch,0.7300,29,0.4695,0.5200,0.2600,0.1500,1,0,"global score 0.73 above threshold 0.5, copyable"
305,0xa05ec37f1039fab381d8f353354d00cd8c594394,watch,0.5800,447,0.0953,0.6900,0.3500,0.1500,1,0,"global score 0.58 above threshold 0.5, copyable"
305,0xc4cdca12b56cc84f57e7f314ea4ed03be488a98d,watch,0.6600,281,0.2878,0.4600,0.2300,0.1500,1,0,"global score 0.66 above threshold 0.5, copyable"
306,0x87531c465a5a729850e1e2c4fd4af3dcb87d85ad,watch,0.6100,500,0.1648,0.7200,0.3600,0.1500,1,0,"global score 0.61 above threshold 0.5, copyable"
307,0x888b6adca603e900a9d71613732727a68f7e5d1a,watch,0.6000,65,0.1631,0.6200,0.3100,0.1500,1,0,"global score 0.6 above threshold 0.5, copyable"
308,0x2220498c3b544b9dd9c062ccf4ab9c0ff2191a0f,watch,0.4900,461,-0.0653,0.4600,0.2300,0.1500,1,0,"borderline score 0.49; no copyability concerns detected"
308,0xc3cd1d612bbf9fbf80da5a9bff0b0470cb46816c,watch,0.6200,500,0.0020,0.4000,0.3100,0.1500,1,0,"global score 0.62 above threshold 0.5, copyable"
309,0x96f452cb979b24e4ad4af05338b7a34a60d7edc5,watch,0.3300,135,-0.4708,0.0900,0.0400,0.1500,1,0,"weak score 0.33; spreads usually wide"
309,0xc7a7b1067ad4b7b08f3947c659bd4a3d66ed880f,watch,0.1000,1,-1.0000,0.0000,0.0000,0.1500,1,0,"weak score 0.1; spreads usually wide; few resolved trades"
310,0xc8075693f48668a264b9fa313b47f52712fcc12b,watch,0.3800,500,-0.2953,0.1600,0.0800,0.1500,1,0,"borderline score 0.38; no copyability concerns detected"
311,0xa3b5da76ffbbe3325bb1b40a30f6a4634962941a,watch,0.4200,500,-0.1372,0.3900,0.1900,0.1500,1,0,"borderline score 0.42; spreads usually wide"
312,0x39d3c773be30fcc73161fc6768f46d563a779ef0,watch,0.3900,368,-0.1363,0.1800,0.0900,0.1500,1,0,"borderline score 0.39; spreads usually wide"
312,0xbcf29f18e98917ff82726e042645d234c6a422ff,watch,0.6600,67,0.0900,0.9900,0.4900,0.1500,1,0,"global score 0.66 above threshold 0.5, copyable"
313,0xcb725a9a8a5173ddc3d4750277ca3cbd8a206532,watch,0.6700,486,0.2765,0.5700,0.2800,0.1500,1,0,"global score 0.67 above threshold 0.5, copyable"
314,0xa39c488ea8269609aea27f5f8486044d839908bc,watch,0.7100,412,0.0998,0.9900,0.5000,0.1500,1,0,"global score 0.71 above threshold 0.5, copyable"
315,0xdf920cc41d76c0d3f24e5778e53624dd1b426fa0,watch,0.1900,0,0.0000,0.0000,0.0000,0.1500,1,0,"weak score 0.19; trades often illiquid; few resolved trades"
316,0x21f333307ac6d2e65ac82f014b3dd2b64cbc35e3,watch,0.5700,468,0.1189,0.5200,0.2600,0.1500,1,0,"global score 0.57 above threshold 0.5, copyable"
317,0x0e3fa6fa9339ed2ae89ac6f25c382303bd1f6dee,watch,0.5800,396,0.1077,0.5400,0.2700,0.1500,1,0,"global score 0.58 above threshold 0.5, copyable"
317,0x3dd2db2d398ff72c2c71c9ad6473368b941e9ab1,watch,0.4800,114,-0.0645,0.6100,0.3000,0.1500,1,0,"borderline score 0.48; spreads usually wide"
317,0xf3ef6ac0510c9eabc42fbb146b5c3c64edc1ca6b,watch,0.8100,64,0.5277,0.9200,0.4600,0.1500,1,0,"global score 0.81 above threshold 0.5, copyable"
318,0xbc75cabb772f1da1c1772430620da0174c453f69,watch,0.6300,47,0.0106,0.6800,0.3400,0.1500,1,0,"global score 0.63 above threshold 0.5, copyable"
319,0x617c18ba835cbdb50030cb2261c66e878b5e03e1,watch,0.8100,500,0.7261,0.9500,0.4800,0.1500,1,0,"global score 0.81 above threshold 0.5, copyable"
320,0xcf7379b4b891c06d88807f6f70efa75378120215,watch,0.6200,500,0.0801,0.6700,0.3300,0.1500,1,0,"global score 0.62 above threshold 0.5, copyable"
321,0x6945839be4e09b8e28eb8bdd5088c7a70dc7729c,watch,0.7300,500,0.6285,0.6000,0.3000,0.1500,1,0,"global score 0.73 above threshold 0.5, copyable"
322,0x00754e79d9507852a287475e8dad4c6a58b25f10,watch,0.7800,69,4.2916,0.7000,0.3500,0.1500,1,0,"global score 0.78 above threshold 0.5, copyable"
322,0xf49614e63fb15383d4a9b717a1be03ad2410fe79,watch,0.4200,447,-0.2488,0.3500,0.1800,0.1500,1,0,"borderline score 0.42; no copyability concerns detected"
323,0x95fa4cc0be88b13a60529a651d82f940f38466b3,watch,0.5300,497,-0.0160,0.5900,0.3000,0.1500,1,0,"global score 0.53 above threshold 0.5, copyable"
324,0x482acc0c3c6268a16482953be000b2b46cccc85d,watch,0.5700,361,0.1006,0.5600,0.2800,0.1500,1,0,"global score 0.57 above threshold 0.5, copyable"
325,0x31e257bfaf805ddf74d08b25b6d54ade519adf57,watch,0.7300,500,0.6528,0.8400,0.4200,0.1500,1,0,"global score 0.73 above threshold 0.5, copyable"
326,0x3663ed135115e034de3a9ad8cdca8493e8d68950,watch,0.3500,1,0.0000,0.0000,0.0000,0.1500,1,0,"borderline score 0.35; few resolved trades"
326,0xf8f51be8e6a748fbb63d308f4b588b8754743766,watch,0.7400,256,0.6209,0.9700,0.4900,0.1500,1,0,"global score 0.74 above threshold 0.5, copyable"
327,0xd88871e6dfd85946a38f1015d8174604bcc93c9f,watch,0.5200,500,0.0022,0.6700,0.3400,0.1500,1,0,"global score 0.52 above threshold 0.5, copyable"
328,0x68c24bf4a8ad4d79a6fe4b8eec6f93a02dfd1711,watch,0.7800,103,0.5549,0.5900,0.3000,0.1500,1,0,"global score 0.78 above threshold 0.5, copyable"
329,0x364d9754b1c9b754471785546ed715ede39f9f8f,watch,0.6800,474,0.2824,0.9400,0.4700,0.1500,1,0,"global score 0.68 above threshold 0.5, copyable"
329,0xd9476f80a7d12990b3a379b9173aa52fb07a7451,watch,0.4100,500,-0.5130,0.2900,0.1400,0.1500,1,0,"borderline score 0.41; spreads usually wide"
330,0xc9228fb6f7ea5da331a879e372b48db824452618,watch,0.5800,493,0.1403,0.4700,0.2300,0.1500,1,0,"global score 0.58 above threshold 0.5, copyable"
331,0x2a2c53bd278c04da9962fcf96490e17f3dfb9bc1,watch,0.1900,0,0.0000,0.0000,0.0000,0.1500,1,0,"weak score 0.19; trades often illiquid; few resolved trades"
332,0x4228048ea2f8f571ff2777cc32baee584c5134cb,watch,0.5300,500,0.0433,0.5500,0.2800,0.1500,1,0,"global score 0.53 above threshold 0.5, copyable"
333,0x6b88b6a431c5ec9b3afdb76e69393d0404909856,watch,0.6700,497,0.2938,0.5200,0.2600,0.1500,1,0,"global score 0.67 above threshold 0.5, copyable"
334,0xbcfea72570b4a5b5aaabcd33f09c7b91805803f4,watch,0.1900,0,0.0000,0.0000,0.0000,0.1500,1,0,"weak score 0.19; trades often illiquid; few resolved trades"
335,0xc741e2b390b38b0cee5443ab4f9f6620a153880a,watch,0.3000,1,6.2993,1.0000,1.0000,0.1500,1,0,"weak score 0.3; profit concentrated in one trade; few resolved trades"
336,0x5652090d21c85a9d1ca5b6a41fe07f3099fb00c9,watch,0.5900,210,0.1093,0.8800,0.4400,0.1500,1,0,"global score 0.59 above threshold 0.5, copyable"
337,0xc23dc0eca9e1c2e293de8911b9ac254f0bcd82c8,watch,0.5500,500,0.0321,0.6800,0.3400,0.1500,1,0,"global score 0.55 above threshold 0.5, copyable"
338,0x328ae9a0564d71f721efc87356d583ea73a030c9,watch,0.1900,0,0.0000,0.0000,0.0000,0.1500,1,0,"weak score 0.19; trades often illiquid; few resolved trades"
339,0x3f41a9f7c771c05b3922d141d30d60b912d55ffc,watch,0.4900,482,-0.0242,0.5700,0.2900,0.1500,1,0,"borderline score 0.49; spreads usually wide"
339,0x9877d69dd6db25356114ef29b59f3e16e75d37cd,watch,0.3100,5,7.8396,1.0000,0.5000,0.1500,1,0,"weak score 0.31; profit concentrated in one trade"
340,0x362ea6c4dbafffe5df6a3cc6f8f4029547238983,watch,0.3300,494,-0.7738,0.0700,0.0300,0.1500,1,0,"weak score 0.33; spreads usually wide"
340,0x388537259dc9e693c1c9b96fdf07a63f6b7aca77,watch,0.5900,319,0.0645,0.6700,0.3400,0.1500,1,0,"global score 0.59 above threshold 0.5, copyable"
341,0x8546a601f7c7cc3dae7141f20b0e09e42bbf35b8,watch,0.7400,497,0.4065,0.6300,0.3100,0.1500,1,0,"global score 0.74 above threshold 0.5, copyable"
341,0xcbf60102a6e3c072aa961498100bc35b80bea8cc,watch,0.2600,2,0.6920,1.0000,0.5000,0.1500,1,0,"weak score 0.26; profit concentrated in one trade; few resolved trades"
342,0x2e3c40fa47b27c676ddd573064162f57d51508ba,watch,0.5600,84,0.0150,0.4600,0.2300,0.1500,1,0,"global score 0.56 above threshold 0.5, copyable"
342,0xa8bd9ae70657db83444c6ca987b8aeb9fb0ab7aa,watch,0.5100,450,-0.0324,0.7300,0.3600,0.1500,1,0,"global score 0.51 above threshold 0.5, copyable"
342,0xe68ba84c4b41741f34864695dd5472209d77b796,watch,0.7400,108,0.3078,0.8900,0.4400,0.1500,1,0,"global score 0.74 above threshold 0.5, copyable"
343,0xdb3a293fe14c3f46f1bdc7aba7cab559aa29d1cc,watch,0.7300,492,0.3469,0.7700,0.3800,0.1500,1,0,"global score 0.73 above threshold 0.5, copyable"
344,0x98f5d88798331947dc2a0f9087308a17c41f754f,watch,0.7100,500,0.9760,0.6900,0.3500,0.1500,1,0,"global score 0.71 above threshold 0.5, copyable"
345,0x6046cd5f7fbb585eb088b18071a5007677e287f8,watch,0.5400,500,0.0568,0.2600,0.1300,0.1500,1,0,"global score 0.54 above threshold 0.5, copyable"
345,0xf00698742d193fa8e88c86de98c15973c2a1bb6c,watch,0.6600,500,0.0024,0.5600,0.5000,0.1500,1,0,"global score 0.66 above threshold 0.5, copyable"
346,0x4cb03276679d644ec1852f744668f345d41657e0,watch,0.6300,262,0.2327,0.5000,0.2500,0.1500,1,0,"global score 0.63 above threshold 0.5, copyable"
346,0x4d5c0683dd4e6a41e0bb3a54e5283462b36ed8f2,watch,0.6400,500,0.2204,0.6400,0.3200,0.1500,1,0,"global score 0.64 above threshold 0.5, copyable"
346,0x661daf6af6d884012dd6db73c09d72e8be224dc6,watch,0.5800,500,-0.0046,0.5200,0.2600,0.1500,1,0,"global score 0.58 above threshold 0.5, copyable"
346,0x678f35178855174c0fca3321d98e09beb002eac9,watch,0.5100,5,0.3497,1.0000,0.5000,0.1500,1,0,"global score 0.51 above threshold 0.5, copyable"
347,0x0bf4e337efc7c954cd7ae2c150df3b1fd3c7c5f6,watch,0.6500,8,0.5019,1.0000,0.5000,0.1500,1,0,"global score 0.65 above threshold 0.5, copyable"
347,0x5a7c576b4e6b704b070b50620ab860cd226aeab7,watch,0.6800,500,0.3267,0.5400,0.2700,0.1500,1,0,"global score 0.68 above threshold 0.5, copyable"
347,0x80a0da00fbdc8440b0ef601341f14c3e24795708,watch,0.8200,175,0.5128,0.9900,0.5000,0.1500,1,0,"global score 0.82 above threshold 0.5, copyable"
347,0xe29042f5d913dcc4015aab3455c13c58514ca33f,watch,0.5400,500,0.0568,0.4100,0.2600,0.1500,1,0,"global score 0.54 above threshold 0.5, copyable"
348,0x73a08a8fd6e871cfdeb22c836f6db76d8a67f79f,watch,0.1900,7,0.1584,0.4300,0.2100,0.1500,1,0,"weak score 0.19; profit concentrated in one trade"
348,0xe10f80c13b3cc95d2983935489741c2d463de4ae,watch,0.6500,371,0.2295,0.7000,0.3500,0.1500,1,0,"global score 0.65 above threshold 0.5, copyable"
348,0xf4baccff188321440a1ed01a5d5fd89c3e1f5933,watch,0.5800,282,0.1793,1.0000,0.5000,0.1500,1,0,"borderline score 0.58; trades often illiquid"
349,0x258c8a3ab3f9dd5c1e3bb05f54a9187247b77c23,watch,0.7000,454,0.3085,0.7100,0.3500,0.1500,1,0,"global score 0.7 above threshold 0.5, copyable"
349,0x58a382757ceb02e6f78fecb643f944c155195336,watch,0.6200,428,0.2020,0.6100,0.3100,0.1500,1,0,"global score 0.62 above threshold 0.5, copyable"
349,0xd7d36345c4aab150e59577e360696b01d01d698b,watch,0.6100,491,0.1480,0.6400,0.3200,0.1500,1,0,"global score 0.61 above threshold 0.5, copyable"
349,0xe57d039ba66a27c082e04cac001abbf3791fbf4c,watch,0.5900,375,0.1260,0.4400,0.2200,0.1500,1,0,"global score 0.59 above threshold 0.5, copyable"
350,0xb2e42d29690b7b63335a03c0fd5e64df0681b7f1,watch,0.4800,275,-0.0315,0.4200,0.3000,0.1500,1,0,"borderline score 0.48; spreads usually wide"
350,0xbc26352dac6b2cc9274dae39f73269192caa15f9,watch,0.6600,29,0.9586,0.2100,0.1000,0.1500,1,0,"global score 0.66 above threshold 0.5, copyable"
350,0xbf833a720d91906cf8b804a1adf39e9f61383385,watch,0.5500,485,-0.0145,0.7200,0.3600,0.1500,1,0,"global score 0.55 above threshold 0.5, copyable"
350,0xf6d0642148933ea5a0c5c9ad33c1c1b517e69391,watch,0.4500,500,0.0054,0.2800,0.1400,0.1500,1,0,"borderline score 0.45; spreads usually wide"
351,0xd32ce89f16509d3c8f8b5e9750305a5b2bc2a4c2,watch,0.6600,500,0.0033,0.4800,0.4500,0.1500,1,0,"global score 0.66 above threshold 0.5, copyable"
352,0x0e64bde21d716711fbe59095eb0c88fae55e336d,watch,0.5900,381,0.1163,0.5300,0.2700,0.1500,1,0,"global score 0.59 above threshold 0.5, copyable"
352,0x5811c8ad5dc5990528357ecf1a6d03311d6c0976,watch,0.5500,500,0.0452,0.3700,0.1800,0.1500,1,0,"global score 0.55 above threshold 0.5, copyable"
353,0x04677c0cd4b904b50f0f829586824b773feefb2e,watch,0.5000,324,0.0087,0.9100,0.4600,0.1500,1,0,"borderline score 0.5; spreads usually wide"
353,0xcb92e59eef071c7dfac33fbc64c60952d277e62f,watch,0.5700,500,0.1252,0.4800,0.2400,0.1500,1,0,"global score 0.57 above threshold 0.5, copyable"
354,0x1ee9a5fc09665909c0cce297c581703bfbb9197f,watch,0.5800,89,0.0837,0.4700,0.2400,0.1500,1,0,"global score 0.58 above threshold 0.5, copyable"
354,0x7c3db723f1d4d8cb9c550095203b686cb11e5c6b,watch,0.6200,471,0.0009,0.6500,0.3200,0.1500,1,0,"global score 0.62 above threshold 0.5, copyable"
355,0x9e1cf3d09ee318190d8285ea773a53007fa0b3ab,watch,0.4900,500,0.0035,0.5700,0.2900,0.1500,1,0,"borderline score 0.49; spreads usually wide"
355,0xd1a63a243042d864520512fbdbd2fd20e0ab1507,watch,0.5600,500,-0.0207,0.4100,0.4000,0.1500,1,0,"global score 0.56 above threshold 0.5, copyable"
356,0x724db3c436dcc7b26fbe1ae0c0d6af538b588dea,watch,0.4000,365,0.0495,0.4500,0.2200,0.1500,1,0,"borderline score 0.4; spreads usually wide; trades often illiquid"
356,0xb5f610da3e3563ab86679086b70922f014f0aba9,watch,0.4800,199,-0.1338,0.6300,0.3100,0.1500,1,0,"borderline score 0.48; no copyability concerns detected"
357,0x5d5a68ba12cf0264ea2dab626d99abb9a71c4289,watch,0.4600,489,0.1041,0.4800,0.2400,0.1500,1,0,"borderline score 0.46; trades often illiquid"
357,0x684d4c641c42da041fd39238a9b87f3ebb757271,watch,0.7800,152,1.7321,0.8100,0.4000,0.1500,1,0,"global score 0.78 above threshold 0.5, copyable"
357,0x85d53efdd055aa88fb00a914f5615bfd585545ee,watch,0.5200,498,-0.0265,0.5700,0.2900,0.1500,1,0,"global score 0.52 above threshold 0.5, copyable"
358,0x671a326088dea34b79c51947e4a92c83545a2f1e,watch,0.6200,500,0.0491,0.6600,0.3300,0.1500,1,0,"global score 0.62 above threshold 0.5, copyable"
359,0x571adca3ed8e6593548d9d15117e8a51fa413315,watch,0.5500,113,0.1122,0.1400,0.0700,0.1500,1,0,"global score 0.55 above threshold 0.5, copyable"
360,0x1a3fb05e94caef23e28905767cd603eb574a6dea,watch,0.2500,3,0.0046,1.0000,0.5000,0.1500,1,0,"weak score 0.25; spreads usually wide; profit concentrated in one trade; few resolved trades"
361,0x3881ababc5e2bc1e6741a8b2690404426a19804e,watch,0.5100,500,-0.0618,0.5700,0.2800,0.1500,1,0,"global score 0.51 above threshold 0.5, copyable"
361,0x7bbf09fc724e3ca90332e17d4f352b3cbc0f7ce5,watch,0.1200,4,0.0169,0.2500,0.2100,0.1500,1,0,"weak score 0.12; trades often illiquid; profit concentrated in one trade; few resolved trades"
361,0xe25b9180f5687aa85bd94ee309bb72a464320f1b,watch,0.5800,500,0.0087,0.7800,0.3900,0.1500,1,0,"global score 0.58 above threshold 0.5, copyable"
361,0xf3ad8f80006d90a5ba90112a675d13bffd740724,watch,0.7500,8,1.4935,1.0000,0.5000,0.1500,1,0,"global score 0.75 above threshold 0.5, copyable"
362,0x141a583405f75e596904ce6db4a3401129bad05a,watch,0.6100,145,0.1467,0.6100,0.3000,0.1500,1,0,"global score 0.61 above threshold 0.5, copyable"
363,0xcf19c420814435ffb1c459588208ed23a7ee6402,watch,0.1900,14,0.1608,0.2100,0.1100,0.1500,1,0,"weak score 0.19; spreads usually wide; profit concentrated in one trade"
364,0x42c99f38d2b951b0dc8e8bd5371fa80c9dd19623,watch,0.6200,500,0.1044,0.5200,0.2600,0.1500,1,0,"global score 0.62 above threshold 0.5, copyable"
364,0x698bbfabc657d1e08b608b8ce0a58ed808b74426,watch,0.6700,500,0.2609,0.7300,0.3700,0.1500,1,0,"global score 0.67 above threshold 0.5, copyable"
365,0x27dbb8cbf777389fd13d0e911cef9237a3cf3824,watch,0.6700,497,0.2963,0.6800,0.3400,0.1500,1,0,"global score 0.67 above threshold 0.5, copyable"
365,0x3a959c179cf018395db289eb553d09e70e0f343b,watch,0.6700,470,1.0168,0.2600,0.1300,0.1500,1,0,"global score 0.67 above threshold 0.5, copyable"
366,0x447fec5ca2a21c1e5512319d88244c33fe3ba05e,watch,0.6800,173,0.2397,0.6900,0.3400,0.1500,1,0,"global score 0.68 above threshold 0.5, copyable"
366,0x98ad6e5ebaf33d5627294f521fe33d42fa005bd0,watch,0.7100,500,0.4744,0.3300,0.1700,0.1500,1,0,"global score 0.71 above threshold 0.5, copyable"
367,0x215adbb63b47d0ca92f849fe2c2dc1adb0f6254c,watch,0.5300,248,-0.0070,0.1800,0.0900,0.1500,1,0,"global score 0.53 above threshold 0.5, copyable"
368,0xafe6f21983334fbd497593b53b735e1689e5ee46,watch,0.5200,2,3.7170,1.0000,0.8300,0.1500,1,0,"global score 0.52 above threshold 0.5, copyable"
369,0xf3488e52ac2d7f0628b04481db5a5b0446f0e543,watch,0.5200,500,-0.0265,0.6300,0.3200,0.1500,1,0,"global score 0.52 above threshold 0.5, copyable"
370,0x49c40bd313d8599f54b62fff13324a790c4fbf77,watch,0.5400,85,-0.0154,0.6700,0.3400,0.1500,1,0,"global score 0.54 above threshold 0.5, copyable"
371,0x54a2c4cfc4332d831acc3f5a860d6540982c1d43,watch,0.6600,301,0.8190,0.1800,0.0900,0.1500,1,0,"global score 0.66 above threshold 0.5, copyable"
372,0x22761026b64f1f31e9d0ca7318c86922c454efd0,watch,0.7200,500,0.3277,0.7800,0.3900,0.1500,1,0,"global score 0.72 above threshold 0.5, copyable"
373,0xe3cb28f7c62ac636f407014005499d2687b5ac21,watch,0.7900,356,0.8770,0.8200,0.4100,0.1500,1,0,"global score 0.79 above threshold 0.5, copyable"
374,0x4c3d773f6affb2d8c3bdde1b377ba6b519673735,watch,0.6800,13,0.4849,0.7700,0.3800,0.1500,1,0,"global score 0.68 above threshold 0.5, copyable"
375,0x3dd16e79f92aad000eda4b96bcd264c6263d9a1f,watch,0.6400,255,0.1783,0.7300,0.3600,0.1500,1,0,"global score 0.64 above threshold 0.5, copyable"
376,0xebdf533304c57814c4be43a9a3847f6402252176,watch,0.5500,500,0.0724,0.3900,0.2000,0.1500,1,0,"global score 0.55 above threshold 0.5, copyable"
377,0xb5b60d821300cef591b7c2a7647fd38e5ecaca29,watch,0.6600,384,0.1972,0.6800,0.3400,0.1500,1,0,"global score 0.66 above threshold 0.5, copyable"
378,0xb589734f08a5b12a7b6f30b782a5deeace3f91e3,watch,0.5600,494,0.2456,0.7000,0.3500,0.1500,1,0,"borderline score 0.56; trades often illiquid"
379,0x904ed7c7820a434ea9b11e7333ed69190d850bec,watch,0.4100,500,-0.3778,0.4100,0.2100,0.1500,1,0,"borderline score 0.41; spreads usually wide"
380,0x8bf3a1411169bc136bbe82abc2ed9601758b6077,watch,0.4500,365,-0.1712,0.5800,0.2900,0.1500,1,0,"borderline score 0.45; no copyability concerns detected"
381,0x2e617f2cb474acaba820030e4819fe92148519bd,watch,0.5500,450,0.1014,0.3800,0.1900,0.1500,1,0,"global score 0.55 above threshold 0.5, copyable"
382,0x199c9ebcac1120407854ac469df0e03e39dc5270,watch,0.7600,18,4.6101,0.7800,0.3900,0.1500,1,0,"global score 0.76 above threshold 0.5, copyable"
383,0xcd66d7ff1d5ddbb5e57d9eac844403550256664f,watch,0.6300,499,0.1781,0.7900,0.4000,0.1500,1,0,"global score 0.63 above threshold 0.5, copyable"
384,0x3cd63e65f3df4aaf8ebe9de56fe5f8f633b218e4,watch,0.5300,166,0.0484,0.2100,0.1100,0.1500,1,0,"global score 0.53 above threshold 0.5, copyable"
384,0xbf337426aa856996b8bb79b238345dd1a0276bf7,watch,0.6200,470,0.1738,0.4700,0.2400,0.1500,1,0,"global score 0.62 above threshold 0.5, copyable"
385,0x50e432c7fa40c0395e832c20a0abd65fe1621ced,watch,0.1900,0,0.0000,0.0000,0.0000,0.1500,1,0,"weak score 0.19; trades often illiquid; few resolved trades"
386,0x0cbbe6ecea39d5d3f5574ab7362f9d4c2ac7f8a3,watch,0.6200,351,0.2157,0.5000,0.2500,0.1500,1,0,"global score 0.62 above threshold 0.5, copyable"
387,0x5357cf7202881f02ac8dcd9e19dc27456e8f3a0d,watch,0.2000,190,0.0021,0.0700,0.0400,0.1500,1,0,"weak score 0.2; spreads usually wide; profit concentrated in one trade"
388,0x9bb1bc70c9e098f2f297416d06a0aa3992534dbe,watch,0.5500,225,0.0228,1.0000,0.5000,0.1500,1,0,"global score 0.55 above threshold 0.5, copyable"
389,0x9d675e089defea5d5450b14c7f97468c66321fa5,watch,0.7100,63,1.0290,0.4900,0.2500,0.1500,1,0,"global score 0.71 above threshold 0.5, copyable"
390,0x29b7a9a6ce50f394b3f1a1ee4d8874e7576f4108,watch,0.6900,103,0.2248,0.9600,0.4800,0.1500,1,0,"global score 0.69 above threshold 0.5, copyable"
391,0x2997df9ee1488223a02e72ae52862209dc8f1242,watch,0.6000,379,0.3512,0.0900,0.0400,0.1500,1,0,"global score 0.6 above threshold 0.5, copyable"
392,0x4afbb6588c79f2c5e9019908fd7440224dd1ed2b,watch,0.5900,492,0.3707,0.6700,0.3400,0.1500,1,0,"borderline score 0.59; spreads usually wide; trades often illiquid"
393,0x35c8700bdf3529179d4692b2b7ddb92fe45990cb,watch,0.6200,152,0.2269,0.3400,0.1700,0.1500,1,0,"global score 0.62 above threshold 0.5, copyable"
393,0x751a2b86cab503496efd325c8344e10159349ea1,watch,0.4900,467,0.0042,1.0000,0.5000,0.1500,1,0,"borderline score 0.49; trades often illiquid"
394,0x09bed1976600971fd9f9db454a9c302c7a559c32,watch,0.6700,432,0.1938,0.8100,0.4000,0.1500,1,0,"global score 0.67 above threshold 0.5, copyable"
394,0xffcf591e09d9fffcab04f1082ceb83fab6920fed,watch,0.5500,488,0.0406,0.5600,0.2800,0.1500,1,0,"global score 0.55 above threshold 0.5, copyable"
395,0x2da325618fff9b2ffe64a49253fbcae8c7b9f258,watch,0.3500,157,-0.1354,0.4800,0.2400,0.1500,1,0,"borderline score 0.35; trades often illiquid"
395,0x4ee29e4e7d4c380babeae5e22e5c02400c2246e1,watch,0.3900,485,0.0694,0.3600,0.1800,0.1500,1,0,"borderline score 0.39; spreads usually wide; trades often illiquid"
395,0x8f2f8a33f00b924acacb4eb86c99b2930cffc8b9,watch,0.6500,19,0.4580,0.7400,0.3700,0.1500,1,0,"borderline score 0.65; trades often illiquid"
396,0x3e856790872025b26922999651992ea70bfe788b,watch,0.6800,486,0.5534,0.6600,0.3300,0.1500,1,0,"borderline score 0.68; trades often illiquid"
396,0x66ad4221d66358ab9867f6d8cae73ede08e5cc4e,watch,0.6800,295,0.0390,0.9400,0.4700,0.1500,1,0,"global score 0.68 above threshold 0.5, copyable"
396,0xcf3a757bedfc4567bbfb6ec784f1bdd725f5fbfd,watch,0.4800,500,-0.0338,0.4600,0.2300,0.1500,1,0,"borderline score 0.48; spreads usually wide"
397,0xb7849a305b28663a193f5d4bc94dc277463bd061,watch,0.6500,395,0.1329,0.9600,0.4800,0.1500,1,0,"global score 0.65 above threshold 0.5, copyable"
397,0xb89c08d96af4cf3c4ae07b61f7989fe75080b71d,watch,0.6100,59,0.2796,0.8000,0.4000,0.1500,1,0,"borderline score 0.61; trades often illiquid"
397,0xe574b4bf69386301fa2759bc4c39c0fc6f83832a,watch,0.2400,500,-0.2422,0.2000,0.1000,0.1500,1,0,"weak score 0.24; spreads usually wide; trades often illiquid"
398,0x1f357ea14cef235198369aa145953a8e724595da,watch,0.4200,471,0.0523,0.4300,0.2200,0.1500,1,0,"borderline score 0.42; trades often illiquid"
398,0x457f89ae6fb64ace63f595378c0a2959cb422a64,watch,0.5700,382,0.0870,0.4800,0.2400,0.1500,1,0,"global score 0.57 above threshold 0.5, copyable"
398,0xdbd56ef106467a5981980243413ae5ae305acba7,watch,0.7200,94,0.3325,0.7300,0.3700,0.1500,1,0,"global score 0.72 above threshold 0.5, copyable"
399,0x21b76cf421e106332f6dc931da119b781ba58dae,watch,0.5100,365,0.2055,0.4500,0.2300,0.1500,1,0,"borderline score 0.51; trades often illiquid"
399,0x2c4ca29d332c67d3ad7bf22b3cfe9486e3b1cb39,watch,0.6900,44,0.0568,1.0000,0.5000,0.1500,1,0,"global score 0.69 above threshold 0.5, copyable"
400,0x54559f4eeefb88a2b4be81ca680901f6bfa98b2a,watch,0.5600,114,0.1516,0.9600,0.4800,0.1500,1,0,"borderline score 0.56; trades often illiquid"
400,0x8de20bf8f1f278e189138cf90048300bb4b3111e,watch,0.3800,57,2.9280,0.2500,0.1200,0.1500,1,0,"borderline score 0.38; spreads usually wide; trades often illiquid; profit concentrated in one trade"
400,0x9ee0bd87f9dbc776ab7465b44a4d85275b9c9c9a,watch,0.6000,500,0.4140,0.4300,0.2100,0.1500,1,0,"borderline score 0.6; trades often illiquid"
400,0xb89f5425341719d298dc2f5b9a92374f5fde1c44,watch,0.7000,500,0.2370,0.4700,0.2300,0.1500,1,0,"global score 0.7 above threshold 0.5, copyable"
400,0xbb299ce4867ea634a83a254e24d1ffc5c148947a,watch,0.5600,434,0.1151,0.4900,0.2500,0.1500,1,0,"global score 0.56 above threshold 0.5, copyable"
400,0xf8922ce273aca6ff81114d06de5f199a668e8acb,watch,0.4800,45,0.1153,0.7300,0.3700,0.1500,1,0,"borderline score 0.48; spreads usually wide; trades often illiquid"
401,0x0c99d9f172fc4c25fd2aa92f9fc272da5f020c88,watch,0.4200,453,0.0226,0.4900,0.2500,0.1500,1,0,"borderline score 0.42; spreads usually wide; trades often illiquid"
401,0x208326efd5d051c59631ed626848b150b8d8259c,watch,0.4100,500,0.0471,0.2400,0.1200,0.1500,1,0,"borderline score 0.41; trades often illiquid"
401,0x45230b4fb12569efcc908b4d22c3cee4a19429e2,watch,0.5900,500,0.1922,0.2200,0.1100,0.1500,1,0,"global score 0.59 above threshold 0.5, copyable"
402,0x107895cfb17a3b527ccf46eb612a2cd250c13385,watch,0.6500,13,1.4964,0.8500,0.4200,0.1500,1,0,"global score 0.65 above threshold 0.5, copyable"
402,0x9d57c42e847173d06841703825d3fe2299e456ea,watch,0.4800,500,-0.1097,0.4300,0.2300,0.1500,1,0,"borderline score 0.48; no copyability concerns detected"
402,0xed446954680979932092e970b443e6ae61e34f76,watch,0.3100,493,-0.1201,0.4600,0.2300,0.1500,1,0,"weak score 0.31; spreads usually wide; trades often illiquid"
403,0x2f63dbd36cfff1952a88d9f704bd58bcb78cf247,watch,0.5000,488,0.1813,0.5900,0.2900,0.1500,1,0,"borderline score 0.5; spreads usually wide; trades often illiquid"
403,0xc0f1388fdb14503c3bdf7c244346c98b57208680,watch,0.5800,500,0.0710,0.6200,0.3100,0.1500,1,0,"global score 0.58 above threshold 0.5, copyable"
404,0x6340f99311533998cf5e5eff3a5857ec7749e272,watch,0.6700,151,0.4820,0.9100,0.4600,0.1500,1,0,"borderline score 0.67; trades often illiquid"
404,0x6c104a31c105ab2573a42e0f178f961e4496df5c,watch,0.5100,355,0.0850,0.8400,0.4200,0.1500,1,0,"borderline score 0.51; trades often illiquid"
404,0x885278f0e304bc2d53f805af2ab779cb6011c569,watch,0.4700,21,0.0000,0.0000,0.0000,0.1500,1,0,"borderline score 0.47; few resolved trades"
404,0xa9fe4929d4ea1525ca03bd0ff68ea1fbf9e7f135,watch,0.2900,12,-0.9530,0.0800,0.0400,0.1500,1,0,"weak score 0.29; no copyability concerns detected"
405,0x6e4b8009426dd540f27797ffc326188c223b3c6d,watch,0.2900,466,-0.3412,0.3400,0.1700,0.1500,1,0,"weak score 0.29; trades often illiquid"
405,0x951bd740ef681d05891ca35440232488271d433e,watch,0.3800,485,-0.0389,0.4100,0.2100,0.1500,1,0,"borderline score 0.38; trades often illiquid"
406,0x2b5920274740ca61745eeb077587bf5bb4ff9db6,watch,0.5400,500,0.0403,0.3100,0.2500,0.1500,1,0,"global score 0.54 above threshold 0.5, copyable"
407,0x25b23e01a7d90e25871d1098841f25e856943b9e,watch,0.6100,500,0.0156,0.5200,0.2600,0.1500,1,0,"global score 0.61 above threshold 0.5, copyable"
407,0x8c4465127b5278a5d7fd120b95b77e7fe292fcd4,watch,0.5100,183,0.5087,0.6900,0.3400,0.1500,1,0,"borderline score 0.51; spreads usually wide; trades often illiquid; profit concentrated in one trade"
408,0xb675b113dc83e32b623e8f755112ab399c5b5400,watch,0.6800,43,0.3475,0.3300,0.1600,0.1500,1,0,"global score 0.68 above threshold 0.5, copyable"
409,0x2529c68db36ce8aa64c64affe620267744a3548a,watch,0.4600,327,0.0000,0.0000,0.0000,0.1500,1,0,"borderline score 0.46; few resolved trades"
410,0x40604cb1f958c03bea0b18aa43e4cb0d62f33ec3,watch,0.4900,340,0.0171,0.8900,0.4500,0.1500,1,0,"borderline score 0.49; trades often illiquid"
410,0xb5277836b1b1172bfbe842fe655652883e87c106,watch,0.7400,481,0.9901,0.7200,0.3600,0.1500,1,0,"global score 0.74 above threshold 0.5, copyable"
411,0x06f22ff6d9362ce82243f8ca594c97485d9c1269,watch,0.5500,500,-0.0421,0.5600,0.4100,0.1500,1,0,"global score 0.55 above threshold 0.5, copyable"
412,0xb4364b0d6c518ef733efaa7ca301ef447b472728,watch,0.3000,3,0.0000,0.0000,0.0000,0.1500,1,0,"weak score 0.3; few resolved trades"
413,0x2c02a009a60ea0e868f77fba65d6fcf73ff3b48d,watch,0.4400,500,0.0982,0.2500,0.1300,0.1500,1,0,"borderline score 0.44; trades often illiquid"
414,0x088e9e9e70240212a1bae73269598fb0fc96bc56,watch,0.5700,405,0.3620,0.5400,0.2700,0.1500,1,0,"borderline score 0.57; spreads usually wide; trades often illiquid"
415,0xa0327136feacda87f22b7ffc1175da11cf2691d5,watch,0.3000,3,0.0000,0.0000,0.0000,0.1500,1,0,"weak score 0.3; few resolved trades"
416,0x4ef6956d36e7f0836bbe9b49516d79381acb958a,watch,0.1600,5,-0.3243,0.4000,0.3000,0.1500,1,0,"weak score 0.16; spreads usually wide; trades often illiquid"
417,0x551c8f09fffa54889974a101e2af2b92c13dfe91,watch,0.5800,500,0.1274,0.4500,0.2200,0.1500,1,0,"global score 0.58 above threshold 0.5, copyable"
418,0x46ee4944d72cceaac9c19e08e0491cbad461ae61,watch,0.4800,60,-0.3635,0.2700,0.1300,0.1500,1,0,"borderline score 0.48; no copyability concerns detected"
418,0xd18aa9f4b13ff514f168314ff61e0ca7f9424b74,watch,0.5000,500,0.0101,1.0000,0.5800,0.1500,1,0,"borderline score 0.5; trades often illiquid"
418,0xe0229e10a858860218b6132f4234602c47bd6603,watch,0.4200,15,0.0000,0.0000,0.0000,0.1500,1,0,"borderline score 0.42; few resolved trades"
419,0x674887d1ac838099a48b629dff53f25b7b87ee08,watch,0.4300,398,0.0000,0.0000,0.0000,0.1500,1,0,"borderline score 0.43; few resolved trades"
420,0x510904c9a58f5c5ad799a1b44947077564175e9c,watch,0.5500,182,0.0000,0.0000,0.0000,0.1500,1,0,"global score 0.55 above threshold 0.5, copyable"
420,0xa69896cad5679acb3409a17d90a0d5e6df67db5e,watch,0.4400,225,0.0745,0.5500,0.2800,0.1500,1,0,"borderline score 0.44; spreads usually wide; trades often illiquid"
421,0x182bd8bf2f11a572c4ec686aae3a0d919adcf3d3,watch,0.4700,288,0.0875,0.9900,0.5000,0.1500,1,0,"borderline score 0.47; spreads usually wide; trades often illiquid"
421,0x6b23c73159b753c96d3c1ed94413f113300c04a3,watch,0.4600,65,0.0000,0.0000,0.0000,0.1500,1,0,"borderline score 0.46; spreads usually wide; few resolved trades"
422,0x1305b58eb5387539914d9c7e0ce83c971c3346d2,watch,0.5600,128,0.2818,0.6500,0.3200,0.1500,1,0,"borderline score 0.56; spreads usually wide; trades often illiquid"
422,0xc2494b32d65dea3a3a80712589d10bc5733f8a61,watch,0.3100,452,-0.2244,0.5100,0.2600,0.1500,1,0,"weak score 0.31; spreads usually wide; trades often illiquid"
423,0x33c96d86e23e971777e9a0b59f4e21cc9e546f9a,watch,0.5600,496,0.0862,0.5300,0.2600,0.1500,1,0,"global score 0.56 above threshold 0.5, copyable"
423,0xd38ad20037839959d89165cf448568d584b28d26,watch,0.5000,56,-0.0634,0.6100,0.3000,0.1500,1,0,"global score 0.5 above threshold 0.5, copyable"
424,0x6a5121acdc5e4fc2980d177a0aa729315ce6006e,watch,0.6700,480,0.4473,0.8700,0.4400,0.1500,1,0,"borderline score 0.67; trades often illiquid"
425,0x828c6e98cf318d233ef01e9894ba5a9108dd5558,watch,0.5400,13,0.8248,0.3100,0.1500,0.1500,1,0,"borderline score 0.54; trades often illiquid"
426,0x2255cb2d7c3bcc9e1cedb3e3a628efc56f63b132,watch,0.1900,0,0.0000,0.0000,0.0000,0.1500,1,0,"weak score 0.19; trades often illiquid; few resolved trades"
426,0x62771058d17ed999f028d53fa660a960b3ab5a3f,watch,0.6100,487,0.1743,0.4600,0.2300,0.1500,1,0,"global score 0.61 above threshold 0.5, copyable"
427,0x684baa57c338c2549aec0aa3f034f695d72a8409,watch,0.4100,500,-0.4388,0.2500,0.1200,0.1500,1,0,"borderline score 0.41; no copyability concerns detected"
428,0x8f69269039b9a401de28a38c2f1c3001364b7df1,watch,0.6300,500,0.0751,0.6500,0.3300,0.1500,1,0,"global score 0.63 above threshold 0.5, copyable"
429,0xd6c913dfbae16a532f93f4a9385379a42696396d,watch,0.6600,85,0.8809,1.0000,0.5000,0.1500,1,0,"borderline score 0.66; spreads usually wide; trades often illiquid"
430,0xd344f358935fddbf2f2c1472dde34686152d6862,watch,0.5100,27,0.2985,0.3700,0.1900,0.1500,1,0,"borderline score 0.51; spreads usually wide; trades often illiquid"
431,0x006cc834cc092684f1b56626e23bedb3835c16ea,watch,0.3600,2,0.0000,0.0000,0.0000,0.1500,1,0,"borderline score 0.36; few resolved trades"
431,0x52b7fc8a97df5f18974c06a83909f60c81010aa1,watch,0.7100,500,0.3605,0.4700,0.2400,0.1500,1,0,"global score 0.71 above threshold 0.5, copyable"
431,0xd6a39cef30c927c4d57b5cc519f3a2d0332a9738,watch,0.8100,498,0.3234,0.9900,0.4900,0.1500,1,0,"global score 0.81 above threshold 0.5, copyable"
432,0xf8ab270075d9bc4c2e786f59ced74c72511e13a1,watch,0.5800,500,0.0738,0.6500,0.3200,0.1500,1,0,"global score 0.58 above threshold 0.5, copyable"
433,0xec026c728998e0a57557e4ba79ca759d5d374b0f,watch,0.6600,500,0.4790,0.8000,0.4000,0.1500,1,0,"borderline score 0.66; trades often illiquid"
434,0xb29e5247ce38d5e87ccc205baf2d63c31670c171,watch,0.6100,500,0.5476,0.3900,0.1900,0.1500,1,0,"borderline score 0.61; trades often illiquid"
434,0xf1e8623907155b0792e32823b833b5853fa9627e,watch,0.6000,497,0.2559,0.7500,0.3700,0.1500,1,0,"borderline score 0.6; trades often illiquid"
435,0xa14750436b2e01aa76cebf831018857340a53fcc,watch,0.5400,31,0.0000,0.0000,0.0000,0.1500,1,0,"global score 0.54 above threshold 0.5, copyable"
435,0xae7c98235d5dc797edfa3d3af2e0334238a4487e,watch,0.7500,361,0.4220,0.3300,0.1600,0.1500,1,0,"global score 0.75 above threshold 0.5, copyable"
436,0x5ab676dbd8bb2dfcb7478ee13618b505babe6eec,watch,0.3800,3,0.0000,0.0000,0.0000,0.1500,1,0,"borderline score 0.38; few resolved trades"
436,0x7dcf235766e6b09c8869468a75d5495cf171a7bd,watch,0.4000,40,0.0281,0.5700,0.3000,0.1500,1,0,"borderline score 0.4; spreads usually wide; trades often illiquid"
437,0x1f12b590863c99883394a0dcba5a4c5b991894cd,watch,0.5900,500,0.3888,0.2900,0.1400,0.1500,1,0,"borderline score 0.59; trades often illiquid"
437,0x96a3a4d0f0a91074a43ce8dc39d1f092a717d944,watch,0.2400,498,-0.7076,0.0200,0.0100,0.1500,1,0,"weak score 0.24; spreads usually wide; trades often illiquid"
438,0x0e50849ef225489b1879e3418e5b7633355a2609,watch,0.4400,458,0.0617,0.5000,0.2500,0.1500,1,0,"borderline score 0.44; trades often illiquid"
438,0xf38e6583dfa37026ee25cf0a567b8cef6307a38a,watch,0.4700,245,0.0095,1.0000,0.5000,0.1500,1,0,"borderline score 0.47; spreads usually wide; trades often illiquid"
439,0x65bbc0844aff968077d5dbaddc706d559b681228,watch,0.4200,94,0.1719,0.0700,0.0400,0.1500,1,0,"borderline score 0.42; spreads usually wide; trades often illiquid"
439,0xa07893a758eab810c30154672768e88251dd419a,watch,0.4100,500,0.0287,0.4900,0.2400,0.1500,1,0,"borderline score 0.41; spreads usually wide; trades often illiquid"
439,0xedc746d18954950ffe59469fd85c914786cb12cd,watch,0.3100,500,-0.1840,0.2100,0.1000,0.1500,1,0,"weak score 0.31; trades often illiquid"
440,0x8b71010f8d18ccce16a37434778117ee2d6b8044,watch,0.5400,27,0.0000,0.0000,0.0000,0.1500,1,0,"global score 0.54 above threshold 0.5, copyable"
441,0x1599f9eaa5c3d946b6e0949b02b6c9920f47a8b6,watch,0.4200,8,0.0000,0.0000,0.0000,0.1500,1,0,"borderline score 0.42; few resolved trades"
442,0x9114ab7b33a7e1cc52bbd34e5b65318d87ba3568,watch,0.2700,22,1.5022,0.7300,0.3600,0.1500,1,0,"weak score 0.27; trades often illiquid; profit concentrated in one trade"
443,0x41d28673f6fbcf28d08e6b2bd87072b34073d7c9,watch,0.6100,191,0.0942,0.7100,0.3600,0.1500,1,0,"global score 0.61 above threshold 0.5, copyable"
443,0xe154165732b79548f7533fc45168b102dd7a0b7f,watch,0.5900,85,2.8642,0.3900,0.1900,0.1500,1,0,"borderline score 0.59; spreads usually wide; trades often illiquid"
444,0x94f5559cfb504d3a81e52ae5c710174167fa1d29,watch,0.1900,0,0.0000,0.0000,0.0000,0.1500,1,0,"weak score 0.19; trades often illiquid; few resolved trades"
445,0x1e9611c3bde3aa2ea36eb3f063834b1a23c6e72a,watch,0.4700,498,0.0171,0.9500,0.4700,0.1500,1,0,"borderline score 0.47; spreads usually wide; trades often illiquid"
445,0x2787692672096be48fe4fe0f7921925b7cace0c4,watch,0.4700,500,0.0768,0.7100,0.3600,0.1500,1,0,"borderline score 0.47; spreads usually wide; trades often illiquid"
445,0xef94696817d93f66d0e86a4f85b4a5703edef8c4,watch,0.4000,491,0.0417,0.3900,0.1900,0.1500,1,0,"borderline score 0.4; spreads usually wide; trades often illiquid"
446,0x3b62c64ebaee15478e8b21765b9f940458655cc8,watch,0.4500,389,0.0713,0.8000,0.4000,0.1500,1,0,"borderline score 0.45; spreads usually wide; trades often illiquid"
446,0x97860d01437050da6cf9552266a157b190344c55,watch,0.4700,107,0.1143,0.5200,0.2600,0.1500,1,0,"borderline score 0.47; trades often illiquid"
446,0xec7f58e9543cb10e117dcb148f0fc2e96e43ab9e,watch,0.4500,500,0.1093,0.4800,0.2400,0.1500,1,0,"borderline score 0.45; spreads usually wide; trades often illiquid"
447,0x842c9e2ba1ed0c9f0182fd3db42b7605e4fa6674,watch,0.4900,500,0.2058,0.4200,0.2100,0.1500,1,0,"borderline score 0.49; spreads usually wide; trades often illiquid"
447,0xd2678dc3b152a54900f28b0e849afe2049df9dc6,watch,0.3000,500,-0.2561,0.3800,0.1900,0.1500,1,0,"weak score 0.3; trades often illiquid"
448,0x7ec87edb28f85a9a7a981ffe527ef87e611d3a77,watch,0.4200,500,0.0291,0.6400,0.3200,0.1500,1,0,"borderline score 0.42; spreads usually wide; trades often illiquid"
448,0xc5d8d3722f46f43d58d144c2e2772a9c30b2a00b,watch,0.5900,200,0.1031,0.6100,0.3000,0.1500,1,0,"global score 0.59 above threshold 0.5, copyable"
448,0xd5d40f34e2302d41a6b4feaaaf3571b1bf1f8b32,watch,0.7300,500,3.0644,0.2200,0.1100,0.1500,1,0,"global score 0.73 above threshold 0.5, copyable"
449,0x2f983f2a36c462320331eff6901db9307d1abd4c,watch,0.2200,1,1.1622,1.0000,1.0000,0.1500,1,0,"weak score 0.22; spreads usually wide; trades often illiquid; profit concentrated in one trade; few resolved trades"
449,0x3884d01fd95ce75e47e747ec75eb02baa12094c5,watch,0.2200,1,1.4691,1.0000,1.0000,0.1500,1,0,"weak score 0.22; spreads usually wide; trades often illiquid; profit concentrated in one trade; few resolved trades"
449,0x4f1d5ae26fc31472966e951af3183308736d8de2,watch,0.1700,4,-0.1142,0.5000,0.4200,0.1500,1,0,"weak score 0.17; spreads usually wide; trades often illiquid; few resolved trades"
449,0x67273092baf2e83c1ea6292e52981dbbbbb85b6d,watch,0.2200,493,-0.7513,0.1100,0.0500,0.1500,1,0,"weak score 0.22; spreads usually wide; trades often illiquid"
449,0xa83b96ead103ad62282d7981eda1ed54c6670e4a,watch,0.5800,157,0.3738,0.4800,0.2400,0.1500,1,0,"borderline score 0.58; spreads usually wide; trades often illiquid"
449,0xf3a4710f66a6d9eeb081af71dc7b7fb5d1ac097f,watch,0.3700,3,0.0000,0.0000,0.0000,0.1500,1,0,"borderline score 0.37; few resolved trades"
450,0x104451c4f49c23ae40c7e8a5c8cabd9587f1d67a,watch,0.4900,63,0.0000,0.0000,0.0000,0.1500,1,0,"borderline score 0.49; few resolved trades"
450,0x1fac58c7895391b3cd7e60969f6b23c3f6bd1fee,watch,0.2900,1,0.0000,0.0000,0.0000,0.1500,1,0,"weak score 0.29; few resolved trades"
450,0x37e4728b3c4607fb2b3b205386bb1d1fb1a8c991,watch,0.5200,500,0.1937,0.9500,0.4800,0.1500,1,0,"borderline score 0.52; spreads usually wide; trades often illiquid"
450,0x3f3aa7005f8006bfcc367d43a25cde25509fe8fd,watch,0.4500,500,0.0883,0.6700,0.3300,0.1500,1,0,"borderline score 0.45; spreads usually wide; trades often illiquid"
450,0x4cb5ec560735efca23f76f2dd152b74bc6a9b536,watch,0.5300,59,0.0000,0.0000,0.0000,0.1500,1,0,"global score 0.53 above threshold 0.5, copyable"
450,0x5739ddf8672627ce076eff5f444610a250075f1a,watch,0.2200,15,0.2976,0.1300,0.0700,0.1500,1,0,"weak score 0.22; trades often illiquid; profit concentrated in one trade"
451,0x631ab9da279e989e8abe014ec98c23fc0421b631,watch,0.6300,56,0.1409,0.7100,0.3600,0.1500,1,0,"global score 0.63 above threshold 0.5, copyable"
451,0xf02008dd334fe83c8dad61dd9a54776d7fb03212,watch,0.3000,269,-0.2303,0.4100,0.2000,0.1500,1,0,"weak score 0.3; trades often illiquid"
452,0x4e5533b48f7c65a112e1e23d3d9d7acb785f2ef7,watch,0.6000,286,0.1783,0.3100,0.1600,0.1500,1,0,"global score 0.6 above threshold 0.5, copyable"
452,0xeb22f4735df6bd5d14e1b5fd10faefa7757d808a,watch,0.2000,46,-0.3087,0.0200,0.0100,0.1500,1,0,"weak score 0.2; spreads usually wide; trades often illiquid"
453,0x1a22b50892adbfed55f4a14fddfa573634eb7b00,watch,0.4900,100,0.0686,0.7600,0.3800,0.1500,1,0,"borderline score 0.49; trades often illiquid"
453,0xb87b5c3cf36ab3c5afcc81cd33de4b2fda203626,watch,0.5000,489,0.0825,0.2600,0.1300,0.1500,1,0,"global score 0.5 above threshold 0.5, copyable"
453,0xc711310ba6de09ccb84a22e5da00dcc4f75136ea,watch,0.3700,165,-0.8878,0.3300,0.1700,0.1500,1,0,"borderline score 0.37; spreads usually wide"
453,0xf6ab262d360c85f98782b84a04db35c6e18d3579,watch,0.4300,464,0.0085,0.5100,0.2600,0.1500,1,0,"borderline score 0.43; trades often illiquid"
454,0xd202932816d95567818063a3cf022bbdfb491ef5,watch,0.6000,500,0.1657,0.3300,0.1600,0.1500,1,0,"global score 0.6 above threshold 0.5, copyable"
455,0x14a29b12bf88a4492ee6e28e853dafcf27d01b42,watch,0.4100,14,0.0000,0.0000,0.0000,0.1500,1,0,"borderline score 0.41; few resolved trades"
455,0x274c45994bfa0912cf8bee503190952e6af7da86,watch,0.6500,12,0.6087,0.4200,0.2100,0.1500,1,0,"global score 0.65 above threshold 0.5, copyable"
455,0xf148f9acb3d2b140792640b92dffea6bb2550b4f,watch,0.5300,497,-0.0116,0.5300,0.2600,0.1500,1,0,"global score 0.53 above threshold 0.5, copyable"
456,0x31393e2f8333d4a6e2e31ca6424defe8b6cb9e2e,watch,0.4800,431,0.0769,0.6100,0.4200,0.1500,1,0,"borderline score 0.48; spreads usually wide; trades often illiquid"
456,0xab19716584931d81cd9e7763402673a64baa4876,watch,0.5100,29,0.0024,1.0000,0.5000,0.1500,1,0,"borderline score 0.51; trades often illiquid"
456,0xaf458bee32b8f1d9ba39ee876f20c7e3ce62ec7d,watch,0.7400,19,0.1904,0.9500,0.4700,0.1500,1,0,"global score 0.74 above threshold 0.5, copyable"
457,0x6d57da09ef86a327524853b36fbd2e39cf0cbfc5,watch,0.6300,500,0.0144,0.7800,0.3900,0.1500,1,0,"global score 0.63 above threshold 0.5, copyable"
458,0x5c57496c97dd151f54b2d727646aa796ced55b16,watch,0.5700,500,0.0708,0.9300,0.4600,0.1500,1,0,"global score 0.57 above threshold 0.5, copyable"
459,0x782186952ef2ca75ea91c95aef25bbdcffb4bb1a,watch,0.1900,0,0.0000,0.0000,0.0000,0.1500,1,0,"weak score 0.19; trades often illiquid; few resolved trades"
459,0xb8c842bc049bf208f73354c7b037b811d741d8a4,watch,0.7300,126,0.3842,0.5800,0.2900,0.1500,1,0,"global score 0.73 above threshold 0.5, copyable"
460,0x1521b47bf0c41f6b7fd3ad41cdec566812c8f23e,watch,0.5400,348,0.0000,0.0000,0.0000,0.1500,1,0,"global score 0.54 above threshold 0.5, copyable"
460,0x79248fc67b78d0458cff74fc38a2e33027050b32,watch,0.8000,207,1.1330,0.9800,0.4900,0.1500,1,0,"global score 0.8 above threshold 0.5, copyable"
460,0x942e79166821f3f4e67872e44f1672fcccd2be27,watch,0.6300,500,0.0066,0.4200,0.3400,0.1500,1,0,"global score 0.63 above threshold 0.5, copyable"
461,0xb28379f90c868563ff26a5101dcffcabe7074501,watch,0.5300,500,0.1624,0.5800,0.2900,0.1500,1,0,"borderline score 0.53; trades often illiquid"
462,0x481de320aee504c31c31cc4ef975e5697a0a9098,watch,0.7400,500,0.9750,0.7100,0.3500,0.1500,1,0,"global score 0.74 above threshold 0.5, copyable"
463,0xff34c2cc46e7624310f3549ea355540d57a4694b,watch,0.4400,459,0.0334,0.5800,0.2900,0.1500,1,0,"borderline score 0.44; trades often illiquid"
464,0x32c334f95fe43b551d209c0b5a672d9d2b3d5b4e,watch,0.4800,500,0.1476,0.5400,0.2700,0.1500,1,0,"borderline score 0.48; spreads usually wide; trades often illiquid"
465,0x4b59e178095b9bb5ba97598244f2ca8b02fc3aa6,watch,0.4000,474,-0.0372,0.5400,0.2700,0.1500,1,0,"borderline score 0.4; trades often illiquid"
466,0xa2c908ce8b8386bc8c5471120c5a662551332c23,watch,0.4700,499,0.0427,0.9100,0.4500,0.1500,1,0,"borderline score 0.47; spreads usually wide; trades often illiquid"
467,0xc8b9a30184244d427169cf62485dde6041b2b836,watch,0.6700,154,0.4517,0.8200,0.4100,0.1500,1,0,"borderline score 0.67; trades often illiquid"
468,0x05b21f43e056cdf3f26ae5f28dc0238495e2a469,watch,0.3600,500,-0.1423,0.8600,0.4300,0.1500,1,0,"borderline score 0.36; spreads usually wide; trades often illiquid"
468,0x6982049c65e98606f65a0ce71fdb9b61296da165,watch,0.4400,499,0.0067,0.7600,0.3800,0.1500,1,0,"borderline score 0.44; trades often illiquid"
469,0x06c0d07d5b59b25316bf1e6007aca6ad8f20bc23,watch,0.4700,498,0.0330,1.0000,0.5000,0.1500,1,0,"borderline score 0.47; spreads usually wide; trades often illiquid"
469,0x9d9346b36bfacf6858ae06c7401a72ad09162cf1,watch,0.5100,100,0.1603,0.5800,0.2900,0.1500,1,0,"borderline score 0.51; trades often illiquid"
469,0xa08455c829a493054315e40e7817321e8c77bb99,watch,0.5500,323,0.0632,0.6500,0.3300,0.1500,1,0,"global score 0.55 above threshold 0.5, copyable"
470,0xc3daa1bb9ce85866fb1a7c3a5d02816798e641fe,watch,0.8600,387,1.5214,0.9800,0.4900,0.1500,1,0,"global score 0.86 above threshold 0.5, copyable"
471,0xf374fa0b42e22a1571bb51758798e03e8a59ce1a,watch,0.2900,498,-0.0479,0.1100,0.0600,0.1500,1,0,"weak score 0.29; spreads usually wide; trades often illiquid"
472,0x969fae0a3a93778adc42178f72c612ed8c4e4d55,watch,0.3500,329,-0.0894,0.4800,0.2400,0.1500,1,0,"borderline score 0.35; spreads usually wide; trades often illiquid"
473,0x431745742a237d12e9a37dd22699ad8fe6edfc9b,watch,0.5700,7,3.1051,1.0000,0.5000,0.1500,1,0,"borderline score 0.57; trades often illiquid"
474,0x82cf2b31d18fca19830e216b98cffa5dbc6c0998,watch,0.3800,486,-0.1489,0.6300,0.3100,0.1500,1,0,"borderline score 0.38; trades often illiquid"
475,0xaa08417743ca4ed010ce0d27899b530e50fad98a,watch,0.5200,487,0.1598,0.7700,0.3800,0.1500,1,0,"borderline score 0.52; spreads usually wide; trades often illiquid"
476,0x4ccc0117ef9506fd57db87537ad785a385bf77ab,watch,0.5900,500,0.0962,0.6700,0.3300,0.1500,1,0,"global score 0.59 above threshold 0.5, copyable"
476,0xf64745161e46cbd2143f021edd92cf6bed850ccb,watch,0.5300,500,0.0430,0.6800,0.3400,0.1500,1,0,"global score 0.53 above threshold 0.5, copyable"
477,0x1d169955b78ad2885e725717e5928eec33c9212e,watch,0.5800,500,0.0486,0.6300,0.3200,0.1500,1,0,"global score 0.58 above threshold 0.5, copyable"
477,0x58093e1e1a9175af5d519436d06017e4e7629868,watch,0.4400,489,0.0866,0.3400,0.1700,0.1500,1,0,"borderline score 0.44; trades often illiquid"
478,0x6ff2cb14da8be7eb57541d250a0196c5f295f140,watch,0.4800,500,0.0205,0.3200,0.1600,0.1500,1,0,"borderline score 0.48; spreads usually wide"
479,0xfee74543cca6e0477a1359118f66798e9c10d07a,watch,0.1900,0,0.0000,0.0000,0.0000,0.1500,1,0,"weak score 0.19; trades often illiquid; few resolved trades"
480,0xe961babbccae0be01c2f6b5f28f8d002e332ef1b,watch,0.5400,98,0.0000,0.0000,0.0000,0.1500,1,0,"global score 0.54 above threshold 0.5, copyable"
481,0x1f624696c102b99bea92c75a502fa7e4a6d676f6,watch,0.5000,391,-0.0338,0.5400,0.2700,0.1500,1,0,"global score 0.5 above threshold 0.5, copyable"
481,0xa6896d11f76dfa2820662c1f441496f51553559b,watch,0.4200,475,0.0048,0.4600,0.2300,0.1500,1,0,"borderline score 0.42; trades often illiquid"
482,0x4edd3aba2dfe51fdfd878648a09104581044ddf1,watch,0.5100,500,0.2540,0.4500,0.2200,0.1500,1,0,"borderline score 0.51; spreads usually wide; trades often illiquid"
482,0x5e23595f0d698f29832a5cf19e94c24fb1c5a3d7,watch,0.7800,500,0.4769,0.8900,0.4500,0.1500,1,0,"global score 0.78 above threshold 0.5, copyable"
482,0xa2b5bafa01d0f81926a2a88e5628a95b59fc4582,watch,0.5900,500,0.1525,0.5000,0.2500,0.1500,1,0,"global score 0.59 above threshold 0.5, copyable"
483,0x285a2da65dab19f2a66efd3031d226c18da93326,watch,0.6100,215,0.4366,0.6200,0.3100,0.1500,1,0,"borderline score 0.61; spreads usually wide; trades often illiquid"
484,0x6011655c4afb76f36dd1b08a137a1ba73466b31e,watch,0.5600,500,0.0521,0.9900,0.5000,0.1500,1,0,"global score 0.56 above threshold 0.5, copyable"
485,0x2735e7b88739a7c759547780d196ccb5e15a42eb,watch,0.5800,500,0.0554,0.8300,0.4100,0.1500,1,0,"global score 0.58 above threshold 0.5, copyable"
485,0xbe7c0363ec2f0d12630fd48ac4c87ce84f418356,watch,0.6800,174,0.1749,0.6600,0.3300,0.1500,1,0,"global score 0.68 above threshold 0.5, copyable"
486,0x7d0caf83488431bb760f204d52bdf5246e2fa3b7,watch,0.5900,500,0.0514,0.7100,0.3600,0.1500,1,0,"global score 0.59 above threshold 0.5, copyable"
486,0xc4f4869e66239ec5e4b36362fcba7291915019bb,watch,0.4200,500,0.0047,0.5100,0.2600,0.1500,1,0,"borderline score 0.42; trades often illiquid"
487,0x1fd77fab8bed72e80053e616b6a026b4304cfbc9,watch,0.6900,34,0.3397,0.7400,0.3700,0.1500,1,0,"global score 0.69 above threshold 0.5, copyable"
487,0x7300833941f579802d58791eb1d0152c1b17e52c,watch,0.3900,195,-0.1407,0.1900,0.0900,0.1500,1,0,"borderline score 0.39; spreads usually wide"
487,0xd0f1c48f7eb486764bd48eff644f7e66a73a6712,watch,0.1600,1,0.0707,1.0000,1.0000,0.1500,1,0,"weak score 0.16; spreads usually wide; trades often illiquid; profit concentrated in one trade; few resolved trades"
487,0xdec666674a78ff178668dd1fd034219827921d8e,watch,0.5500,498,0.2546,0.6900,0.3500,0.1500,1,0,"borderline score 0.55; spreads usually wide; trades often illiquid"
488,0x41558102a796ba971c7567cad41c307e59f8fa41,watch,0.5700,500,0.0489,0.7500,0.3700,0.1500,1,0,"global score 0.57 above threshold 0.5, copyable"
489,0x819d5487b18c5dbe2ed7e571c89a358974d46e9c,watch,0.5400,23,1.3565,0.5700,0.2800,0.1500,1,0,"borderline score 0.54; spreads usually wide; trades often illiquid"
489,0x83d9a38fbf2265d1a092499a964412dd44e810d9,watch,0.2900,15,-0.6652,0.4000,0.3400,0.1500,1,0,"weak score 0.29; trades often illiquid"
490,0xd40d350302b884010de067ef84e37095ef60a926,watch,0.2900,500,2.4891,0.0300,0.0200,0.1500,1,0,"weak score 0.29; spreads usually wide; trades often illiquid; profit concentrated in one trade"
491,0xc01ff7687f1380629b83fcd7b6767875c399cd8e,watch,0.3600,112,-0.0652,0.2500,0.1300,0.1500,1,0,"borderline score 0.36; spreads usually wide; trades often illiquid"
491,0xe089e5e74fb21bb106a7fffe1201f0bf82f4ad3a,watch,0.4800,48,0.0000,0.0000,0.0000,0.1500,1,0,"borderline score 0.48; few resolved trades"
492,0x91044115736d94321e7a38529c2b6d23a81ac269,watch,0.7000,500,0.3041,0.7800,0.3900,0.1500,1,0,"global score 0.7 above threshold 0.5, copyable"
492,0xb207f14407c1087fadac180b6860a873200ec751,watch,0.4200,496,0.0321,0.4300,0.2200,0.1500,1,0,"borderline score 0.42; trades often illiquid"
492,0xeee54b4ffd177562dfd29ebca3d6ac2010f63d51,watch,0.4300,123,0.1389,0.3100,0.1500,0.1500,1,0,"borderline score 0.43; spreads usually wide; trades often illiquid"
493,0x3c32a05ad37948ec6ab975040f252519c2903f1c,watch,0.5400,500,0.2921,0.6100,0.3100,0.1500,1,0,"borderline score 0.54; spreads usually wide; trades often illiquid"
493,0x75a27d0cc95b3586297c1e6b5417269332cd6992,watch,0.4800,197,0.1475,0.4600,0.2300,0.1500,1,0,"borderline score 0.48; spreads usually wide; trades often illiquid"
494,0x3eae57986be5e0ca435102ffe1f14206ffa2e2ed,watch,0.2300,13,0.0651,1.0000,0.5000,0.1500,1,0,"weak score 0.23; trades often illiquid; profit concentrated in one trade"
494,0xa6657ab4eb9d92c8bbfb1d1d52ce7205e4ca01e3,watch,0.4800,485,0.0609,0.7200,0.3600,0.1500,1,0,"borderline score 0.48; trades often illiquid"
495,0x6b79d34cc35654a03253d611abbbaaf5f24ab1be,watch,0.4500,500,-0.0724,0.3500,0.1800,0.1500,1,0,"borderline score 0.45; spreads usually wide"
495,0xa0436dd8f61cf098efb5cee60714d4747f84b419,watch,0.4900,21,0.0000,0.0000,0.0000,0.1500,1,0,"borderline score 0.49; few resolved trades"
495,0xf1ef8705e9f63c790c6fffd6329aea7011718cd6,watch,0.4300,230,0.0154,0.7200,0.3600,0.1500,1,0,"borderline score 0.43; spreads usually wide; trades often illiquid"
496,0x08458f7e9d2858027de579e4c3ca305475496b6f,watch,0.5200,29,0.0610,0.6200,0.3100,0.1500,1,0,"global score 0.52 above threshold 0.5, copyable"
496,0x642ce61de1fb94245048d35d56992ca0d020921b,watch,0.5400,142,0.3235,0.3600,0.1800,0.1500,1,0,"borderline score 0.54; spreads usually wide; trades often illiquid"
496,0xe55e959c9f914d7d5a21ca365cddee60ecd927e3,watch,0.6000,14,0.4664,0.7900,0.3900,0.1500,1,0,"borderline score 0.6; trades often illiquid"
496,0xec5723df1ef786d95b05b2941c89b45dcb560fa7,watch,0.3900,500,-0.0176,0.3500,0.1700,0.1500,1,0,"borderline score 0.39; trades often illiquid"
497,0x9d5e8a5502c626334b8718bc588c2f4f32c517f9,watch,0.5200,252,0.6653,0.0800,0.0400,0.1500,1,0,"borderline score 0.52; spreads usually wide; trades often illiquid"
497,0xc0176130731377d7d601304271f5a713384a7242,watch,0.4000,13,0.0000,0.0000,0.0000,0.1500,1,0,"borderline score 0.4; few resolved trades"
497,0xd3b034d7bfb2473fb252d0414646d9786bac329e,watch,0.5500,500,-0.0071,0.7000,0.3500,0.1500,1,0,"global score 0.55 above threshold 0.5, copyable"
497,0xe59f2ab1b26b403f95b9df6e18ea66b395010d08,watch,0.3500,500,-0.0890,0.4600,0.2300,0.1500,1,0,"borderline score 0.35; spreads usually wide; trades often illiquid"
497,0xfef4edf8c1a76e66ff065081a136c9bfeef429bd,watch,0.8700,500,0.6978,0.9900,0.5000,0.1500,1,0,"global score 0.87 above threshold 0.5, copyable"
498,0x21af26a0436f379e66c12c6089e5c2c1e1cef272,watch,0.6300,239,0.4055,0.6900,0.3500,0.1500,1,0,"borderline score 0.63; trades often illiquid"
498,0x2dd7c1664c60be9ce733f9a9441f1420f4fc89aa,watch,0.4700,491,0.0950,0.6300,0.3200,0.1500,1,0,"borderline score 0.47; trades often illiquid"
498,0x4615a4383b34ef9d6f5c5840baf25f17e6f64947,watch,0.5200,500,0.2701,0.2800,0.1400,0.1500,1,0,"borderline score 0.52; trades often illiquid"
498,0xa0e12cca77c2b18bea2449625c87bf99e295b9b4,watch,0.4800,253,0.1243,0.6000,0.3000,0.1500,1,0,"borderline score 0.48; spreads usually wide; trades often illiquid"
498,0xed107a85a4585a381e48c7f7ca4144909e7dd2e5,watch,0.5900,500,0.0014,0.3200,0.1600,0.1500,1,0,"global score 0.59 above threshold 0.5, copyable"
499,0x22193afa1f05fa074485b4caa90cbb5aa3b9a5e9,watch,0.6800,182,1.9710,0.4000,0.2000,0.1500,1,0,"global score 0.68 above threshold 0.5, copyable"
499,0x7c9fdb490bd4e622f7f078d4ff05b08e2960739d,watch,0.2600,5,0.2611,1.0000,0.5000,0.1500,1,0,"weak score 0.26; trades often illiquid; profit concentrated in one trade"
499,0x93078b5dd1c34d0f288d2f51b23f1347520d9da3,watch,0.5100,500,-0.0110,0.5400,0.2700,0.1500,1,0,"global score 0.51 above threshold 0.5, copyable"
499,0xa7614974faca5be9a1b809c978d0a8fc532a866b,watch,0.4000,500,0.0631,1.0000,0.5000,0.1500,1,0,"borderline score 0.4; trades often illiquid; profit concentrated in one trade"
500,0x239dd8f9a53ed5777de24230e002864a630c0f3f,watch,0.6800,15,0.2351,0.9300,0.4700,0.1500,1,0,"global score 0.68 above threshold 0.5, copyable"
500,0x3fe80728e50b9765b782bee0acef988ad7e40de3,watch,0.5900,500,0.3306,0.4900,0.2400,0.1500,1,0,"borderline score 0.59; trades often illiquid"
500,0x67ae544746f94f6787878eaaa9c60b5804490f0a,watch,0.1900,0,0.0000,0.0000,0.0000,0.1500,1,0,"weak score 0.19; trades often illiquid; few resolved trades"
500,0x6bab41a0dc40d6dd4c1a915b8c01969479fd1292,watch,0.5800,315,0.0237,0.6600,0.3300,0.1500,1,0,"global score 0.58 above threshold 0.5, copyable"
500,0x90c23cb846d4c78b59096bae855161d92ea28c24,watch,0.4000,500,-0.2207,0.3800,0.1900,0.1500,1,0,"borderline score 0.4; no copyability concerns detected"
500,0xc585450ba7aa05cd4323ff97eb091f66ccee8244,watch,0.4400,500,0.0959,0.5100,0.2600,0.1500,1,0,"borderline score 0.44; spreads usually wide; trades often illiquid"
